realm,variable,parameter,mean,sd,HDI%,comp,HDIlo,HDIup,%>comp,%<comp,q2.5%,q25%,median,q75%,q97.5%,mcmc_se,Rhat,n_eff
Neotropic,cloud,mu,-11.3212025889328,0.966469497481189,95,0,-13.2408840348968,-9.47735480808135,3.33311112592494e-05,0.999966668888741,-13.2195241009993,-11.9714716278006,-11.3154955869126,-10.6647153115692,-9.44768080259236,0.00737592197703664,0.999933610416258,17297
Neotropic,cloud,sigma,13.9150180237601,1.12514113716524,95,0,11.7646281242176,16.1393738810128,0.999966668888741,3.33311112592494e-05,11.7599650777056,13.1394398628402,13.9062286631717,14.6734713236458,16.1356246968372,0.0187875967501321,1.00057315624618,3591
Neotropic,cloud,nu,10.1494704034941,8.35868814841729,95,0,2.64221045305609,24.3827437153391,0.999966668888741,3.33311112592494e-05,3.62660251105873,5.69499784228357,7.77082612411923,11.3481991913469,32.5715743807815,0.249042986029157,1.01536239005347,1329
Neotropic,cloud,eff_size,-0.818636762085012,0.093609241574375,95,0,-1.00528811761147,-0.640438567911226,3.33311112592494e-05,0.999966668888741,-1.01081496487081,-0.879885803833192,-0.814712637619506,-0.754391994725757,-0.644105518634661,0.00109192835449573,1.00022135933455,7359
Neotropic,cloud,x_pred,-11.4699341096856,16.3640262396576,95,0,-44.5961326229708,20.7045284116499,0.218352109859343,0.781647890140657,-44.2462552696752,-21.3644947678469,-11.3612571057733,-1.56703857885534,21.2527678966352,0.0944772368479915,1.0000873320565,29999
Neotropic,temperature,mu,350.548465754496,11.1733434159984,95,0,328.460431320313,372.221803696778,0.999966668888741,3.33311112592494e-05,328.677290765244,343.038740774473,350.550780600811,357.985077546361,372.472111553645,0.0831809114847587,1.00014531532879,18140
Neotropic,temperature,sigma,172.784582792655,7.99380662784058,95,0,157.463696313888,188.838787676421,0.999966668888741,3.33311112592494e-05,157.888925819239,167.20890658562,172.495433851498,178.016184168956,189.300515629601,0.0613392858058711,1.00018469398857,17074
Neotropic,temperature,nu,61.6559258200423,35.4104049539195,95,0,11.8094049291665,132.722861249118,0.999966668888741,3.33311112592494e-05,17.5357257641792,36.2636900417808,53.5809343136165,78.0592155746103,151.93931192778,0.3725565035107,1.00120124585576,9046
Neotropic,temperature,eff_size,2.03321193077779,0.115025318659285,95,0,1.80948495735637,2.2565830139591,0.999966668888741,3.33311112592494e-05,1.81147586102275,1.95535581976115,2.03168794294328,2.11061621693526,2.25895792269515,0.000873144529919367,1.00012056931797,17361
Neotropic,temperature,x_pred,350.354410986825,178.827543036297,95,0,-7.76143946933377,696.875820901761,0.974068395440304,0.025931604559696,-3.2859895885237,232.09598980146,349.635965317911,467.710168440227,702.241833789834,1.03760173453923,0.999948701120571,29701
Neotropic,min_temperature,mu,215.16224891441,5.03577977008587,95,0,205.518572610865,225.149114541412,0.999966668888741,3.33311112592494e-05,205.350569828035,211.796377133328,215.122525322735,218.54477151239,225.005293745863,0.0390257863390129,1.00002581985001,16662
Neotropic,min_temperature,sigma,74.9695671612454,4.41000322554476,95,0,66.3840676314061,83.5749705831298,0.999966668888741,3.33311112592494e-05,66.3265193418364,72.0415251928471,75.0093155948873,77.9362225430825,83.5265161769073,0.0497399410406988,1.00017301767559,7873
Neotropic,min_temperature,nu,27.3270360891348,22.4993500977919,95,0,4.18105843117811,71.3783233493949,0.999966668888741,3.33311112592494e-05,6.703315663602,12.9032358841524,20.2128973929182,33.8645048835038,88.7177977022459,0.390500234447843,1.00216021078142,3691
Neotropic,min_temperature,eff_size,2.88051738759622,0.191724234859015,95,0,2.52402078541028,3.26595613910639,0.999966668888741,3.33311112592494e-05,2.53750400851083,2.74751795748189,2.86877684820687,3.00072583158032,3.28484825673062,0.00215664019008093,1.00024050525826,7909
Neotropic,min_temperature,x_pred,214.434948958544,80.4618158634944,95,0,56.3254290799762,375.866058836004,0.994833677754816,0.00516632224518366,54.8338661196718,162.233051665246,213.922112290364,265.804433082068,374.970854228801,0.467627510851121,1.00059744857896,29613
Neotropic,max_temperature,mu,214.337395600538,5.30468324065714,95,0,203.700025591737,224.612586735904,0.999966668888741,3.33311112592494e-05,203.819515462792,210.780645993917,214.345177236681,217.894535698896,224.764549791128,0.039411425053342,1.00004673054711,18125
Neotropic,max_temperature,sigma,79.6200105046103,4.49832302947811,95,0,70.6961863625042,88.3430730244182,0.999966668888741,3.33311112592494e-05,70.7505974988464,76.6432508566648,79.6454204096805,82.6305959038682,88.4133724389186,0.0477606769433441,1.00017017190468,8934
Neotropic,max_temperature,nu,31.1754588505132,25.0457696746542,95,0,4.75577329793355,81.6779326402338,0.999966668888741,3.33311112592494e-05,7.26778961961571,14.6754544046286,23.3146793465998,38.9215981421307,99.4972563180182,0.381587401037595,1.00510776204746,4468
Neotropic,max_temperature,eff_size,2.70101235585179,0.173410328540265,95,0,2.3714006235209,3.04160911308644,0.999966668888741,3.33311112592494e-05,2.39043788918127,2.57993883879988,2.69187843328206,2.810441756332,3.06497698052483,0.00184994647275764,1.00004899086663,8816
Neotropic,max_temperature,x_pred,214.98539544565,84.7230363166551,95,0,46.5000608643942,379.016528206135,0.992833811079261,0.00716618892073862,49.1040810486046,159.46207557954,214.599916687681,270.958051857149,381.910862407439,0.492301916712132,0.999981485264973,29631
Neotropic,dewpoint,mu,308.582127006143,11.1367860970791,95,0,286.577578209298,330.26420794819,0.999966668888741,3.33311112592494e-05,286.941863808021,301.102938191066,308.458072199712,316.03100997176,330.799339935157,0.0805894700916987,1.00039831409156,19146
Neotropic,dewpoint,sigma,175.815469791711,8.20048387422765,95,0,160.468873009916,192.692984503753,0.999966668888741,3.33311112592494e-05,160.324218018337,170.231246755105,175.600214721189,181.195314389623,192.589229991244,0.0640239796186573,1.00026288705164,16458
Neotropic,dewpoint,nu,59.9610599744765,35.7433028260456,95,0,11.8193703861729,132.467398541336,0.999966668888741,3.33311112592494e-05,16.3715658727471,34.4554310726232,51.5907762642977,75.8887657361822,151.164754778673,0.410552569441724,1.00062163169044,7597
Neotropic,dewpoint,eff_size,1.75897380932207,0.103771507228166,95,0,1.55608960341288,1.96567365455025,0.999966668888741,3.33311112592494e-05,1.55861233333371,1.6890593734848,1.7574590596437,1.82736200813471,1.96833691964086,0.000780716632761255,0.999941372390649,17719
Neotropic,dewpoint,x_pred,308.811401103558,180.791376356063,95,0,-53.7805425162784,655.088883076256,0.957102859809346,0.042897140190654,-44.5644780421539,188.664256889822,308.460538536389,429.912569343316,667.054542538155,1.01644858474643,0.999940637165302,31848
Neotropic,pressure,mu,20521.2037811279,342.701117621377,95,0,19838.2716635494,21176.4100867419,0.999966668888741,3.33311112592494e-05,19856.5390448491,20287.9718744245,20523.4146314104,20752.1343606666,21198.6146852093,2.73160152510966,1.00040363855484,15748
Neotropic,pressure,sigma,5078.90452401972,337.080147850786,95,0,4405.47926920562,5721.30923677969,0.999966668888741,3.33311112592494e-05,4394.41442326213,4855.09871175623,5087.59282131303,5309.83309239166,5714.27619504894,4.52193511165501,1.0003894323828,5575
Neotropic,pressure,nu,23.3144375667925,20.3407432935605,95,0,3.27712070822529,65.1578582146932,0.999966668888741,3.33311112592494e-05,5.32457928251197,10.2781281340177,16.3727520843401,28.5211980110342,81.2772901593191,0.37396946816762,1.00378236514364,3051
Neotropic,pressure,eff_size,4.05820180340274,0.276524918473172,95,0,3.54910389952929,4.62320415743264,0.999966668888741,3.33311112592494e-05,3.5797327397428,3.86551791054437,4.0346132420009,4.22843339653142,4.66272368498017,0.00351732931671941,1.00059861593287,6179
Neotropic,pressure,x_pred,20574.7359101699,5555.14128020339,95,0,9529.17377695673,31490.3009323327,0.999200053329778,0.000799946670221985,9578.40820526114,17043.3267032423,20604.1443818555,24055.5759887462,31561.9070897396,31.5118701923634,1.00000455150847,31133
Neotropic,precipitation,mu,-106.432964911415,19.192135472316,95,0,-144.265889385591,-69.050628370639,3.33311112592494e-05,0.999966668888741,-144.22248241645,-119.418129532388,-106.487711480489,-93.4965330721754,-69.0057497422256,0.146549705244773,0.999944681235504,17189
Neotropic,precipitation,sigma,276.432694834384,17.8536122716636,95,0,241.08994187097,310.638854478526,0.999966668888741,3.33311112592494e-05,242.835116863508,264.112693181947,276.014057479907,288.078612765047,312.486813260475,0.207931102405605,1.00036734496342,7482
Neotropic,precipitation,nu,10.6077551745093,6.4204210161508,95,0,3.59497162381741,20.9818226923693,0.999966668888741,3.33311112592494e-05,4.62428067891392,7.01735177164911,9.03123906254306,12.1710544296766,26.0113734507953,0.152953488323556,1.01552692326258,2747
Neotropic,precipitation,eff_size,-0.386286696656105,0.0720754625532805,95,0,-0.527261160098526,-0.245304986796868,3.33311112592494e-05,0.999966668888741,-0.529063295165691,-0.434326038648044,-0.385879862197217,-0.337351140318248,-0.246939142588882,0.000546886135804995,0.999955419914509,17418
Neotropic,precipitation,x_pred,-106.57548400711,317.048022466748,95,0,-742.417346375017,527.61416139619,0.353543097126858,0.646456902873142,-741.346680508856,-301.383146755636,-106.548506979785,86.6158637093661,530.670854287426,1.83045019273281,1.0001130348132,30000
Neotropic,vswc,mu,-1.36486732897681,0.314261292792438,95,0,-1.99603096761772,-0.766415926023459,3.33311112592494e-05,0.999966668888741,-1.98975433176678,-1.57450433220687,-1.36495745630981,-1.15138080879963,-0.758058980628905,0.00238889894878327,1.00000422325099,17445
Neotropic,vswc,sigma,4.0594022619223,0.347182123588245,95,0,3.38007967074653,4.72444656812243,0.999966668888741,3.33311112592494e-05,3.41047872919957,3.82053589503925,4.04992046350095,4.28738229642679,4.76549697698454,0.00437236167208096,1.00016271231302,6310
Neotropic,vswc,nu,3.18175833531349,0.760933939799263,95,0,1.92475080589919,4.69320866290735,0.999966668888741,3.33311112592494e-05,2.05981906990627,2.64778500141889,3.0602290454976,3.57691929338658,4.95894789842831,0.0101314479664642,1.0003165268553,5661
Neotropic,vswc,eff_size,-0.337967923528827,0.079830980879526,95,0,-0.495869789124769,-0.185660605226578,3.33311112592494e-05,0.999966668888741,-0.49490202637968,-0.391686981459466,-0.337246058672393,-0.283687768817804,-0.184320482902261,0.000597612518332339,0.999975679391642,17948
Neotropic,vswc,x_pred,-1.37914017238397,7.23576571510295,95,0,-14.0489477905371,11.6904905500498,0.37924138390774,0.62075861609226,-14.226448647898,-4.5150428523998,-1.39167439933959,1.76625472644908,11.5707976728749,0.0415194406546147,1.00284016783564,30368
Neotropic,ET,mu,-0.411914356770256,0.185115983890712,95,0,-0.772010249565092,-0.0418575501664295,0.0158656089594027,0.984134391040597,-0.767894915326292,-0.538697711980318,-0.414608732340266,-0.289065146773272,-0.0365825435193319,0.00172651857225275,1.00088975939854,11527
Neotropic,ET,sigma,2.24256630068988,0.198468685319146,95,0,1.86279344278188,2.63795645136001,0.999966668888741,3.33311112592494e-05,1.87908078576211,2.10435929357088,2.23562732997099,2.37151097059944,2.65768957239886,0.00257934553659895,1.00084941520322,5966
Neotropic,ET,nu,3.0544616503269,0.724870011139223,95,0,1.86537672904566,4.53370394686768,0.999966668888741,3.33311112592494e-05,1.99112224388575,2.54926903991719,2.9416058807298,3.42443049488877,4.79723065360354,0.0101537205752315,1.00255507727987,5120
Neotropic,ET,eff_size,-0.187663791190086,0.0899049497231389,95,0,-0.368419105915421,-0.0152438728059971,0.0158656089594027,0.984134391040597,-0.368843877145814,-0.247471360716894,-0.18570309531142,-0.126353869936646,-0.0155668215146948,0.00093025738051083,1.00092900135979,9397
Neotropic,ET,x_pred,-0.400810993800056,4.42304581929219,95,0,-7.52376072719069,6.98164027480877,0.432471168588761,0.567528831411239,-7.70348509925476,-2.09305819858371,-0.400189587064721,1.29287172603787,6.85467801139155,0.0254182796311657,1.00151101831108,30354
Neotropic,PET,mu,3781.63180774138,99.0267681666057,95,0,3586.51503756489,3973.18332940618,0.999966668888741,3.33311112592494e-05,3578.96968665732,3719.17151209366,3784.00807107234,3848.14653572625,3967.32319558945,0.941320069738282,1.00052458548587,11077
Neotropic,PET,sigma,1209.18051782686,173.71024949498,95,0,901.506243999339,1555.87244928715,0.999966668888741,3.33311112592494e-05,935.411443684931,1087.25721931246,1186.91787714398,1306.80644114026,1612.36410058899,2.77963873476268,1.00027835657963,3927
Neotropic,PET,nu,1.18997161792208,0.167397671066806,95,0,1.00000144128882,1.51128547470751,0.999966668888741,3.33311112592494e-05,1.00673274263048,1.06919849950537,1.14748782141968,1.26190994165459,1.61675677567589,0.00292991895322034,1.00064422633302,3319
Neotropic,PET,eff_size,3.19128838968764,0.458854637581024,95,0,2.29687212506305,4.09251208718868,0.999966668888741,3.33311112592494e-05,2.28179370482063,2.88612925715581,3.19624412141849,3.50229789690146,4.0841342345754,0.00687415705969292,1.00019358443323,4463
Neotropic,PET,x_pred,4466.22226744248,153590.601812082,95,0,-6267.57718167842,15204.4434016755,0.918072128524765,0.081927871475235,-6879.72718315492,2661.81034923106,3793.43472377727,4908.60774274751,14705.3774898135,886.755275538379,1.28290851752366,29999
Indomalayan,cloud,mu,-4.92055510014286,1.11845822690804,95,0,-7.06878233798084,-2.7072538761192,3.33311112592494e-05,0.999966668888741,-7.07201528140332,-5.67711729877069,-4.93182013019848,-4.16739939109385,-2.70927810285713,0.0101349222175603,1.00076793221116,12183
Indomalayan,cloud,sigma,10.9120385635197,1.16538904859007,95,0,8.59628342057415,13.1784812438099,0.999966668888741,3.33311112592494e-05,8.42722766169114,10.1847943646405,10.9865340395998,11.7011765517558,13.0356779225265,0.0171296031717379,1.00070658015846,4641
Indomalayan,cloud,nu,23.7662992075813,24.6758267512613,95,0,1.76148113548491,75.0321258047946,0.999966668888741,3.33311112592494e-05,3.27402161898722,7.74123658394889,14.8259587803528,30.3085445364142,93.2266906773628,0.482865494550426,1.00163227287376,2678
Indomalayan,cloud,eff_size,-0.459158559429066,0.128212907883719,95,0,-0.710164227857846,-0.210841375919717,3.33311112592494e-05,0.999966668888741,-0.741887985496998,-0.536992441145729,-0.450327608803731,-0.371448610855588,-0.232595069626005,0.00159018767114578,1.00080476698161,6519
Indomalayan,cloud,x_pred,-4.84657463226647,12.3943958026548,95,0,-28.7975860329645,19.9456617758797,0.331111259249383,0.668888740750617,-29.3373809666478,-12.4978428347732,-4.87910363116862,2.8759393709439,19.4792202599621,0.0715585014576278,1.00060884463795,29999
Indomalayan,temperature,mu,248.608821541344,5.63342801104598,95,0,237.659607416123,259.688144608433,0.999966668888741,3.33311112592494e-05,237.568692448835,244.857284790425,248.620314443841,252.395306312233,259.622857280753,0.0408482002301923,1.00007369561205,19030
Indomalayan,temperature,sigma,49.6290574668612,7.15915422908823,95,0,36.0525480059788,63.8561782058439,0.999966668888741,3.33311112592494e-05,37.0491638970969,44.6512544791143,49.1267927439286,54.0121009278532,65.196220166681,0.102517224030474,1.00027439104177,4984
Indomalayan,temperature,nu,2.55535669407876,0.904630952089416,95,0,1.26502527745166,4.26573394533443,0.999966668888741,3.33311112592494e-05,1.42359743603094,1.97240849493804,2.37460067842132,2.90827543516987,4.76447136325197,0.0161213709006457,1.00127720982364,3621
Indomalayan,temperature,eff_size,5.11368881566711,0.748031478118233,95,0,3.69258918212965,6.61035896830789,0.999966668888741,3.33311112592494e-05,3.79242989759254,4.59675116073512,5.05770283060054,5.58044485825282,6.74040090111236,0.0103291274702866,1.00027167327448,5257
Indomalayan,temperature,x_pred,247.197683016087,155.980121436891,95,0,61.9160788221639,428.541150249072,0.98670088660756,0.0132991133924405,64.6348152535449,208.558043459155,248.01699211862,286.873576527063,432.4058700783,0.900575342938947,1.00489251592477,29999
Indomalayan,min_temperature,mu,165.524955066801,5.61065779517544,95,0,154.272017023324,176.253827306718,0.999966668888741,3.33311112592494e-05,154.457390403797,161.79448537744,165.556355392872,169.302111001498,176.458793173277,0.0495424890126495,1.00032701895018,12884
Indomalayan,min_temperature,sigma,53.6556858453108,4.92915618735295,95,0,43.9681562757219,63.3958635008336,0.999966668888741,3.33311112592494e-05,44.0753383227998,50.3905260299554,53.6191631261947,56.9027792714451,63.5359977422131,0.0608561152867419,1.00052519916992,6640
Indomalayan,min_temperature,nu,18.7065181911457,16.7008187150742,95,0,2.51131478241643,52.6285282095943,0.999966668888741,3.33311112592494e-05,4.11850674923279,8.28338979415246,13.1025747119301,22.6117033501707,66.3663252597985,0.309751732470784,1.0062756828808,3003
Indomalayan,min_temperature,eff_size,3.11397257102009,0.335878707852988,95,0,2.4873896123829,3.79209546662991,0.999966668888741,3.33311112592494e-05,2.53912585827894,2.88202342564299,3.08498314575121,3.31172013480962,3.86871650197646,0.00427559245148696,1.0010734783726,6241
Indomalayan,min_temperature,x_pred,165.10194569707,60.1879784686201,95,0,46.5204323991028,283.827360437322,0.994133724418372,0.00586627558162789,45.6239504811645,127.842539826629,165.43442672594,203.079787580631,283.031286135607,0.347488247223044,1.00003857890111,30000
Indomalayan,max_temperature,mu,156.778196369747,6.23292790397751,95,0,144.624015043157,168.889300967399,0.999966668888741,3.33311112592494e-05,144.644977988825,152.601176248829,156.745947371865,160.980246985492,168.920022429598,0.0633510003913508,1.00115920651469,9675
Indomalayan,max_temperature,sigma,56.3149481100359,5.6264950495488,95,0,45.2762586465279,67.4587583009378,0.999966668888741,3.33311112592494e-05,45.2425347253872,52.5722881285723,56.3274758151232,60.0760729253658,67.427662055148,0.0751084530043846,1.00231287458171,5655
Indomalayan,max_temperature,nu,15.6976427839579,14.723359998863,95,0,2.01805750345707,44.902425388825,0.999966668888741,3.33311112592494e-05,3.49775845861223,6.97237889084284,10.8442520422916,18.3886009844647,58.8193910310305,0.308114107612983,1.0285828564028,2331
Indomalayan,max_temperature,eff_size,2.81660273664521,0.348595632593938,95,0,2.2019690126457,3.53308701962585,0.999966668888741,3.33311112592494e-05,2.24729123528341,2.57183607187948,2.77546921412302,3.0180087807218,3.61171652995647,0.00476815404496467,1.00304582717288,5395
Indomalayan,max_temperature,x_pred,156.972729914066,64.8688446115543,95,0,26.1360974392429,282.106089503753,0.989267382174522,0.0107326178254783,29.454281973126,117.393566799707,157.239209759289,195.329863188418,286.083938024794,0.374523540936352,1.00005530113491,30000
Indomalayan,dewpoint,mu,268.021159680089,9.03639053182907,95,0,250.336505344437,285.71559834667,0.999966668888741,3.33311112592494e-05,250.478740531248,261.920651419474,267.967495994289,274.020602569812,285.928709199346,0.0675991429171182,1.00022011461776,17882
Indomalayan,dewpoint,sigma,94.7162441903865,7.31315848191764,95,0,80.1932023152562,109.353824635884,0.999966668888741,3.33311112592494e-05,80.2524894454803,89.8987157201703,94.6558139507468,99.4903184772772,109.426021242925,0.0687523761377559,0.99997717843602,11318
Indomalayan,dewpoint,nu,36.97614444531,29.2240530463843,95,0,3.02899712012727,95.9844653448659,0.999966668888741,3.33311112592494e-05,6.14911311137061,16.512183905066,28.6413985153912,48.423810081294,114.022834716496,0.367740601615163,1.00340508951397,6338
Indomalayan,dewpoint,eff_size,2.84629209270957,0.235646015295236,95,0,2.40632005258318,3.32345423401328,0.999966668888741,3.33311112592494e-05,2.41500766392362,2.68541786803326,2.83511142231647,2.9950157876319,3.33966638439232,0.00204637076814679,0.999980977842294,13275
Indomalayan,dewpoint,x_pred,267.440904648107,100.919325510785,95,0,79.6657923604071,475.998050456916,0.993967068862076,0.00603293113792414,69.4883747187634,203.156674572641,267.01259961924,332.879184917679,466.762042144584,0.572511420987199,1.00036867019011,31100
Indomalayan,pressure,mu,9391.08139750888,399.149415060764,95,0,8593.72754920717,10156.2457463063,0.999966668888741,3.33311112592494e-05,8607.40511297581,9124.2578123777,9388.42877009567,9659.10866941324,10173.0132915638,3.13163935480157,1.00024662139849,16302
Indomalayan,pressure,sigma,4180.75388810169,312.204614374073,95,0,3576.30180052609,4802.23209446157,0.999966668888741,3.33311112592494e-05,3595.00266721825,3966.55093494981,4171.96899052075,4384.39689587595,4822.351330575,2.77301749245352,1.00044989480309,12689
Indomalayan,pressure,nu,38.5403115929275,28.887972903563,95,0,3.76119432708562,96.528847027346,0.999966668888741,3.33311112592494e-05,7.32486177107733,17.9189560749943,30.3903957996162,50.398286033861,115.836800654287,0.356666611090348,1.00011861018587,6661
Indomalayan,pressure,eff_size,2.2591006726668,0.197657232445116,95,0,1.87611677376717,2.64723323995513,0.999966668888741,3.33311112592494e-05,1.89546367621822,2.1235416304219,2.25245925906871,2.384637174958,2.67258114216441,0.00175563053540769,1.00019160832728,12684
Indomalayan,pressure,x_pred,9369.06638659808,4410.49524157733,95,0,770.85351270785,18330.3889433481,0.980534631024598,0.0194653689754016,542.988231814878,6500.39077370802,9357.09925175458,12241.8889318798,18155.1791670085,25.4645299804063,1.00001323468209,29999
Indomalayan,precipitation,mu,65.0837713814101,29.7158938801999,95,0,8.16321709529761,124.49405913588,0.988400773281781,0.0115992267182188,8.46173731015456,44.924444037004,64.6161641095629,84.7097202544487,125.049231956035,0.296082945207718,1.00063026580108,10149
Indomalayan,precipitation,sigma,275.04185752175,30.0996827418683,95,0,217.584764549128,334.468591044553,0.999966668888741,3.33311112592494e-05,217.606730645511,254.069231452303,274.716358761674,295.473074010253,334.497785678162,0.458063661353245,1.00074835413496,4454
Indomalayan,precipitation,nu,13.1339264364025,14.4865653835594,95,0,1.90335701561424,39.6177752417329,0.999966668888741,3.33311112592494e-05,3.08208595477833,5.56067398962929,8.3764122214963,14.4016528790416,55.9169332063403,0.434589702938043,1.02948649459681,1443
Indomalayan,precipitation,eff_size,0.235890705252253,0.103827923038788,95,0,0.038177516105413,0.445149115643438,0.988400773281781,0.0115992267182188,0.0321223308205916,0.1671853710212,0.235924747568069,0.305291172356362,0.440417987792547,0.000846679571211696,1.00052864938759,15069
Indomalayan,precipitation,x_pred,62.8646506177075,323.161100852048,95,0,-539.004495409639,736.639799989944,0.587860809279381,0.412139190720619,-580.710135432482,-132.278035865097,63.3237171606958,256.758055126947,697.178623960247,1.85406779740055,0.99997825548815,30385
Indomalayan,vswc,mu,1.99729681193525,0.312766759995274,95,0,1.38884522653254,2.62606239338023,0.999966668888741,3.33311112592494e-05,1.37485747897945,1.78840106642667,1.99843728880904,2.20752642862402,2.61646771936044,0.00227735013638616,0.999983291648987,18878
Indomalayan,vswc,sigma,2.88887756353169,0.310426629507807,95,0,2.29308396859661,3.51311026812361,0.999966668888741,3.33311112592494e-05,2.31010637112066,2.6758683755237,2.87488251815637,3.08772625616066,3.54035091929729,0.00338553283676545,1.0006062726519,8433
Indomalayan,vswc,nu,4.02849422344268,1.40350188060106,95,0,1.84212586308323,6.82801329044253,0.999966668888741,3.33311112592494e-05,2.12193999575059,3.05631584722607,3.75592679961576,4.68558668895185,7.5507364151142,0.0171207605502259,1.00155395144455,6721
Indomalayan,vswc,eff_size,0.699706595331779,0.134707741210664,95,0,0.436091542964129,0.962676149509381,0.999966668888741,3.33311112592494e-05,0.450636510460121,0.608150692964082,0.694551486468798,0.785846053552085,0.979769135387583,0.00115624077313964,1.00002835263074,13682
Indomalayan,vswc,x_pred,1.98759378293139,4.79662497372104,95,0,-6.23927269748615,10.6648918740212,0.737617492167189,0.262382507832811,-6.50548571222404,-0.129203195567851,2.01859549700024,4.13276783698108,10.4384096647173,0.0274780145447505,1.01081926070018,30725
Indomalayan,ET,mu,0.865962250244507,0.267786851504179,95,0,0.350572629284562,1.40107287244213,0.999533364442371,0.000466635557629491,0.359456643829494,0.684649040697319,0.857761736220423,1.04391680879034,1.41150215221071,0.00264365295271961,1.00001550480208,10569
Indomalayan,ET,sigma,2.34568080685346,0.36848252327517,95,0,1.66431912442702,3.10602848675123,0.999966668888741,3.33311112592494e-05,1.68216496873049,2.08752891766293,2.325779382234,2.58005122069282,3.13279539272186,0.00830750505693944,1.00065813804895,2048
Indomalayan,ET,nu,5.12267644457376,5.11186494860386,95,0,1.22098853039576,12.5740253632952,0.999966668888741,3.33311112592494e-05,1.77723553745767,2.76289141887537,3.72009853128689,5.37191688755169,19.1870521989359,0.232992872426526,1.01631273009527,698
Indomalayan,ET,eff_size,0.373217668348295,0.113059170632869,95,0,0.148025538599364,0.590136899632101,0.999533364442371,0.000466635557629491,0.153825464552333,0.296994144752722,0.371495375622495,0.449020155980044,0.598358493337277,0.000867776798059517,1.00026089790658,17320
Indomalayan,ET,x_pred,0.843296424275457,3.82714731975368,95,0,-6.19642095664401,7.50730115235439,0.629024731684554,0.370975268315446,-6.01149194811451,-0.891580809117124,0.840657947314579,2.61590005801517,7.76788505415724,0.0217660083666622,1.00450399662655,30988
Indomalayan,PET,mu,3316.44992129654,176.325472442807,95,0,2964.1413981147,3655.84446849084,0.999966668888741,3.33311112592494e-05,2982.93548178478,3196.41668590427,3311.69865298981,3431.15919110313,3676.99215074525,2.04349140202359,1.00077014482232,7452
Indomalayan,PET,sigma,1542.632022543,199.15324606355,95,0,1173.1592101625,1942.17989346094,0.999966668888741,3.33311112592494e-05,1190.56931495561,1399.43348888732,1528.02265236008,1672.11881475414,1962.87713763636,3.71414163890558,1.00313077497782,2959
Indomalayan,PET,nu,7.50430251284655,7.79689547305943,95,0,1.60965564932552,21.1903642201439,0.999966668888741,3.33311112592494e-05,2.40259155773919,3.7758881697325,5.12574826850447,7.80381208303229,29.724518410233,0.269277661016015,1.07807252615071,1203
Indomalayan,PET,eff_size,2.18123755990407,0.270953096225537,95,0,1.67974813577275,2.72567783540102,0.999966668888741,3.33311112592494e-05,1.70507274380335,1.99109603334082,2.16221192702378,2.35136845686288,2.76368009145566,0.00384932114550224,1.00165348852027,4995
Indomalayan,PET,x_pred,3311.64841885487,2041.76173569557,95,0,-578.114293261829,7292.27979714717,0.959502699820012,0.040497300179988,-624.458882869556,2200.83342852852,3302.61500165664,4416.34444621003,7253.02227690721,11.9568005071325,1.00094528029184,29189
Paleartic,cloud,mu,-1.49336002592469,0.931277535311415,95,0,-3.31157748660705,0.349691142071848,0.055729618025465,0.944270381974535,-3.31060160854971,-2.11248560536227,-1.4884207290502,-0.87365471296562,0.350491573436966,0.0071830764996051,1.00017586418263,16942
Paleartic,cloud,sigma,8.29023977555218,0.731086249223126,95,0,6.89313961567907,9.79855782474992,0.999966668888741,3.33311112592494e-05,6.87349487475411,7.80238741625101,8.27473114248616,8.76296305244747,9.78275112948268,0.00680729950070155,1.00014388243577,11570
Paleartic,cloud,nu,38.6222128920171,30.9232707069103,95,0,2.62086144214887,99.9024528200574,0.999966668888741,3.33311112592494e-05,5.85535051326332,16.6975698958275,29.7251686762583,51.1258417595853,120.215381152584,0.415785428544946,1.00030920564582,5606
Paleartic,cloud,eff_size,-0.182758166858249,0.116290815386595,95,0,-0.408842633371601,0.0476681236404766,0.055729618025465,0.944270381974535,-0.41691064501173,-0.258574038328287,-0.180673253112154,-0.104492704499643,0.0414624570823209,0.000920066488596571,1.00027495656869,16063
Paleartic,cloud,x_pred,-1.43533234053886,8.91206674172892,95,0,-18.8417316635765,16.036680141774,0.431404573028465,0.568595426971535,-18.7817485058475,-7.09543750622723,-1.46505041564228,4.25635861425975,16.1176465695745,0.0514547206515454,1.00019693558678,29999
Paleartic,temperature,mu,306.321829043015,11.1962249845123,95,0,284.877456463317,328.738561483649,0.999966668888741,3.33311112592494e-05,283.969889772666,298.857109209826,306.329570005842,313.943755098941,327.968562131267,0.0887696786618082,1.00186483920296,15996
Paleartic,temperature,sigma,99.3631853658079,9.06289881069143,95,0,82.0228292350981,117.788843745092,0.999966668888741,3.33311112592494e-05,81.6691713480328,93.427622388564,99.1760052784498,105.23674970407,117.514917361158,0.0892141365838693,1.00069688941885,10382
Paleartic,temperature,nu,35.5599162224731,28.9567638937561,95,0,2.33856141045456,94.0697387676274,0.999966668888741,3.33311112592494e-05,5.17940397638959,14.7009065037974,27.19141309816,47.4403707568418,112.720062067502,0.387421342300138,1.0027816566799,5586
Paleartic,temperature,eff_size,3.11034753153753,0.325649557895542,95,0,2.51006384911886,3.76583699719052,0.999966668888741,3.33311112592494e-05,2.54726290361266,2.88802324061615,3.08764989586771,3.30060790909303,3.83008940073131,0.00329567671953637,1.00187314385649,9840
Paleartic,temperature,x_pred,306.231739387907,107.536844808644,95,0,96.3166533111877,519.441356740515,0.99600026664889,0.00399973335110993,95.1134987804013,237.24420495744,306.123023606946,374.174903970278,518.596205973835,0.62515247472923,0.99998625747387,29592
Paleartic,min_temperature,mu,203.371319570532,9.59951557569713,95,0,184.18055873741,221.942050770723,0.999966668888741,3.33311112592494e-05,184.409403092773,196.979530917732,203.385382911017,209.783952437663,222.276996035845,0.0722049386685329,1.00024450261626,17685
Paleartic,min_temperature,sigma,86.1214075224675,7.29387684300807,95,0,72.0629665870704,100.671385021953,0.999966668888741,3.33311112592494e-05,72.5454043670417,81.1355817076095,85.8558540656323,90.8313399881901,101.340413334713,0.0632181280316263,1.00001004849124,13340
Paleartic,min_temperature,nu,37.8042928083612,28.6705495582268,95,0,3.60196327702895,95.2588147647788,0.999966668888741,3.33311112592494e-05,6.50522474086885,17.2220648911344,29.7857958896681,50.1246937487389,114.332074248983,0.357755160654136,1.0004993698262,6506
Paleartic,min_temperature,eff_size,2.37776930038997,0.223424288255237,95,0,1.94355614961568,2.8180229234474,0.999966668888741,3.33311112592494e-05,1.95770388344824,2.22486113517489,2.37192537522826,2.52195399041401,2.83545921308742,0.00179321744095488,1.00012881920314,15535
Paleartic,min_temperature,x_pred,203.963926453969,91.7293977840592,95,0,24.9513942223524,383.588364886096,0.985100993267116,0.0148990067328845,23.4622836894937,145.244730754408,203.985304578384,262.923127628401,382.70501753759,0.529606677814544,1.00059104189991,30000
Paleartic,max_temperature,mu,199.65192533211,9.98738422150434,95,0,179.62934681962,218.865246654886,0.999966668888741,3.33311112592494e-05,179.9757294398,192.935900568244,199.669917064778,206.297447545681,219.265301440153,0.0731131508151663,1.00017718132734,18666
Paleartic,max_temperature,sigma,90.6669142383601,7.79662769849908,95,0,75.8331165691609,106.403658119471,0.999966668888741,3.33311112592494e-05,76.1474666084794,85.35372829687,90.3578827417714,95.6727595819376,106.751329254559,0.0674998990280552,1.00069061010767,13337
Paleartic,max_temperature,nu,38.4900914023815,29.5374349180408,95,0,3.3838495974034,97.7738997063305,0.999966668888741,3.33311112592494e-05,6.53490120584789,17.4553315080322,30.1855132953468,50.9238227498877,115.901807683403,0.380146702348726,1.00546082373639,6358
Paleartic,max_temperature,eff_size,2.21805952338349,0.217454664646075,95,0,1.8069170331177,2.65083413840645,0.999966668888741,3.33311112592494e-05,1.81015206610784,2.06892714013828,2.21335376269191,2.35798646813085,2.65543170942373,0.00174980654955755,1.00057598762047,15441
Paleartic,max_temperature,x_pred,200.399968379405,96.0795185675625,95,0,6.12457644678682,385.20351027811,0.980667955469635,0.0193320445303646,11.3015686592152,137.713271351141,200.718690244199,262.430674440336,391.273608425595,0.554724188894237,1.00004307600235,30000
Paleartic,dewpoint,mu,323.660771441412,19.4431172888536,95,0,284.820616726085,361.363264421069,0.999966668888741,3.33311112592494e-05,285.450672530402,310.640376889301,323.574874961963,336.59654196047,362.271626674601,0.14552762975509,1.00008949890078,17871
Paleartic,dewpoint,sigma,176.959488700094,14.9574521326771,95,0,148.017061407152,206.669742285008,0.999966668888741,3.33311112592494e-05,149.206513399394,166.766542773114,176.316849157652,186.609194190342,208.154860388874,0.124191011901017,1.00050938324679,14541
Paleartic,dewpoint,nu,40.3128381863944,30.7143992273915,95,0,3.60116877737267,100.588970267221,0.999966668888741,3.33311112592494e-05,7.23921572832587,18.8641786599212,31.7587044261912,52.4954845524055,122.039807161286,0.407271348035762,1.00015445195132,5985
Paleartic,dewpoint,eff_size,1.84149509721458,0.184481297272109,95,0,1.47737754142843,2.19963966262222,0.999966668888741,3.33311112592494e-05,1.48810323062352,1.7150208188764,1.83810456207972,1.96403137641477,2.21220385271591,0.00140825642332167,1.00020981133191,17177
Paleartic,dewpoint,x_pred,325.827354766297,187.658348950912,95,0,-39.7720349808846,697.000302405053,0.959036064262382,0.0409639357376175,-40.8069202792443,203.600057353527,325.366533446673,446.940596495065,696.063707095492,1.08342315292986,1.00009260300881,30000
Paleartic,pressure,mu,11943.0484538745,894.836496190613,95,0,10196.1770741424,13716.0251310928,0.999966668888741,3.33311112592494e-05,10157.9702446601,11352.8325409187,11953.2108253659,12547.1824326785,13680.6419941559,7.72230322926741,1.00094933990976,13545
Paleartic,pressure,sigma,6997.33936061712,911.38505932103,95,0,5310.60929367861,8882.01601989552,0.999966668888741,3.33311112592494e-05,5363.13910444339,6368.77170698148,6940.13454239033,7568.48689575114,8966.06855608411,11.7628815256311,1.00166162144669,6144
Paleartic,pressure,nu,4.48149668190724,2.32936475683517,95,0,1.65666057029273,8.6396233611854,0.999966668888741,3.33311112592494e-05,2.03691600655685,3.06435418774662,3.92986507355587,5.18581301189412,10.3115226717623,0.0417661797982719,1.02481999166403,3677
Paleartic,pressure,eff_size,1.73895518020579,0.28078413702665,95,0,1.18744002488626,2.28531939754368,0.999966668888741,3.33311112592494e-05,1.22689024615092,1.5468689191485,1.72217795398503,1.91716433475059,2.33581453100061,0.0033574773337542,1.00158359652405,7016
Paleartic,pressure,x_pred,12067.4669605336,14124.8292930217,95,0,-9008.47136174663,31419.6690940167,0.915338977401507,0.0846610225984934,-8225.48439485905,6782.8679242963,11941.8780044249,17224.4552371968,32373.8328894853,82.1210464178067,1.00171018714057,29306
Paleartic,precipitation,mu,19.9726958185474,28.4132531935229,95,0,-37.6625970547521,73.6677299764397,0.762482501166589,0.237517498833411,-36.4606015912017,1.16971227883961,20.0495188857878,38.9855507993672,75.4407163503352,0.212104800250492,1.00040501935659,17997
Paleartic,precipitation,sigma,256.743528833029,23.2071885973632,95,0,212.508986530555,303.870390503802,0.999966668888741,3.33311112592494e-05,212.331415289817,241.23342814774,256.153027518588,271.765022572224,303.784587372353,0.219382940854213,1.00028868729679,11320
Paleartic,precipitation,nu,34.0935810795819,28.1656196727119,95,0,2.6441984439298,90.7650276466056,0.999966668888741,3.33311112592494e-05,5.28712776308768,14.1858425685145,25.7476561995439,45.2177802910207,109.329020420486,0.384886082223118,1.0010850334924,5482
Paleartic,precipitation,eff_size,0.0783731513393526,0.110880777017072,95,0,-0.144540601429363,0.289210724807535,0.762482501166589,0.237517498833411,-0.14014183484092,0.00464125928278458,0.0785785314800491,0.15283503779641,0.294349875810582,0.000825218880401519,1.00045565662678,18098
Paleartic,precipitation,x_pred,20.964691391482,276.059012204457,95,0,-520.370154544133,558.352383353225,0.530831277914806,0.469168722085194,-519.29532536026,-156.529071210702,20.3251140392549,196.756900105736,560.594121044154,1.59504041995394,1.0002740583467,29977
Paleartic,vswc,mu,0.76420470223089,0.553855444468659,95,0,-0.326056130825386,1.85086371380165,0.919072061862543,0.0809279381374575,-0.296616115550691,0.392850498304643,0.756446293081762,1.12395204532798,1.88063762524286,0.00488999299326465,0.999965518848172,12839
Paleartic,vswc,sigma,4.35387245822774,0.629230003961119,95,0,3.17668061427472,5.61394520534748,0.999966668888741,3.33311112592494e-05,3.26283518697016,3.91179887530442,4.30343785105715,4.74173791767074,5.73573414536939,0.0101634467137728,1.00001912899899,3916
Paleartic,vswc,nu,5.45762392755638,4.80318225233806,95,0,1.43994998436575,12.6934185870625,0.999966668888741,3.33311112592494e-05,2.00987579557998,3.12091938649046,4.13897445682772,5.90033316010016,18.7183994945142,0.135001698458379,1.00647645888356,1360
Paleartic,vswc,eff_size,0.175380913106654,0.125073549189098,95,0,-0.0686136568785418,0.421485821823618,0.919072061862543,0.0809279381374575,-0.0707800772205058,0.0920122411518094,0.175710919829187,0.259328650260908,0.419719034731568,0.00090605398271215,0.999964112566854,19078
Paleartic,vswc,x_pred,0.729197951607983,7.28442992374152,95,0,-11.3539497839642,13.0400604853109,0.563862409172722,0.436137590827278,-11.5955933880841,-2.50896978402117,0.729800522422486,3.96352820285234,12.8093927949095,0.0420573410252162,1.0068184496939,29999
Paleartic,ET,mu,2.49285159272428,0.686950943151262,95,0,1.16449444372373,3.86507841695528,0.999766682221185,0.000233317778814746,1.15525529666496,2.0312127437779,2.49073793455434,2.94931992911772,3.8568833479402,0.00508602029726827,1.00032275802155,18264
Paleartic,ET,sigma,6.32550594671245,0.498054170901713,95,0,5.38928282988844,7.3076351564162,0.999966668888741,3.33311112592494e-05,5.44169898741751,5.97891439923568,6.29651492344495,6.63736805636622,7.37920020040714,0.00387017027015623,1.00049732861676,16629
Paleartic,ET,nu,52.6736502308239,34.3320266390801,95,0,6.13587830311845,121.815100285805,0.999966668888741,3.33311112592494e-05,12.0862790680195,28.1855969506554,44.2311047692832,67.7869386459119,143.232406929541,0.382425438845984,1.00193526524521,8064
Paleartic,ET,eff_size,0.396421380187761,0.112369504600823,95,0,0.179087859000101,0.619469073703528,0.999766682221185,0.000233317778814746,0.178668944900312,0.320045954327741,0.395930732321916,0.470784920001624,0.61914005247824,0.000827543751605108,1.00004746843659,18461
Paleartic,ET,x_pred,2.48993611567307,6.52915487052617,95,0,-10.3367148563238,15.4064575370508,0.65142323845077,0.34857676154923,-10.3913723922677,-1.77755692441172,2.45092908045128,6.76892228189743,15.3659918286718,0.0374646750696126,1.0000396572409,30387
Paleartic,PET,mu,3491.37121454616,215.754563563218,95,0,3061.57395280652,3906.02510206821,0.999966668888741,3.33311112592494e-05,3071.73264357316,3345.82468545594,3491.27325304621,3636.3252557704,3918.53296225299,1.6519043371293,1.0000950770311,17102
Paleartic,PET,sigma,1926.38245931155,181.52649372492,95,0,1568.55944438115,2288.74825989634,0.999966668888741,3.33311112592494e-05,1571.81752821401,1806.36107563009,1925.38004469031,2043.45230701125,2293.32315203418,1.86267185333456,1.0000327271828,9580
Paleartic,PET,nu,30.649803816742,27.0352108499893,95,0,2.54263422939925,84.8698838354595,0.999966668888741,3.33311112592494e-05,4.74796444686147,12.1701502392346,22.3035646377511,40.0643576907925,104.198187290557,0.435577222301742,1.00220497132547,3873
Paleartic,PET,eff_size,1.82848467904748,0.205564507703218,95,0,1.42243093168659,2.22845810389897,0.999966668888741,3.33311112592494e-05,1.45610969274073,1.68926390595895,1.81741776038309,1.95562400991471,2.26931377293686,0.00194639058183237,1.00000245443563,11319
Paleartic,PET,x_pred,3498.21070702835,2083.44969083666,95,0,-627.973853518598,7547.0690744966,0.95516965535631,0.0448303446436904,-586.267661755697,2162.02453043946,3497.23129427016,4846.1133248355,7596.78863087266,12.0842274903481,1.00012222345064,29722
Australasia,cloud,mu,2.56194530731001,2.35742419327981,95,0,-1.91805628164917,7.30997760358128,0.863309112725818,0.136690887274182,-2.04989467923936,0.979434694366709,2.55650653598982,4.14828362594035,7.1823572948319,0.0170031227531875,1.00047444223185,19275
Australasia,cloud,sigma,17.1118660179681,1.82657658258658,95,0,13.6883028119547,20.7848670006539,0.999966668888741,3.33311112592494e-05,13.8330902598685,15.8490436842922,17.0007998186616,18.2469390189733,21.0043932906028,0.01478701138338,1.00041915600064,15360
Australasia,cloud,nu,39.4100204107785,30.7079060353852,95,0,2.52669343321513,99.5147015756517,0.999966668888741,3.33311112592494e-05,5.99428148786778,17.5480608942368,31.0333524948018,52.1471194840794,119.804527753098,0.368132227409712,1.00591856567651,7001
Australasia,cloud,eff_size,0.15106757861096,0.138111291258151,95,0,-0.110664730980533,0.428237872922916,0.863309112725818,0.136690887274182,-0.11894025460927,0.057766598248977,0.150331424936233,0.24478692758699,0.420548725804974,0.00100287288189484,1.00051352693884,18999
Australasia,cloud,x_pred,2.49701379916345,18.4295029110752,95,0,-32.7344270181507,40.3367343359906,0.554463035797614,0.445536964202387,-34.0112331634225,-9.40121083949269,2.35054821384403,14.3237585457642,39.2436350091693,0.107018611279796,1.00004494596313,29655
Australasia,temperature,mu,264.255007724738,15.4915607183287,95,0,233.719490766486,294.57901387114,0.999966668888741,3.33311112592494e-05,233.672374929996,254.018159292597,264.329371445412,274.454452239301,294.558054588043,0.113031018537123,1.00003924727087,18798
Australasia,temperature,sigma,113.288954516264,11.4211439791266,95,0,91.5223777301116,135.804564312084,0.999966668888741,3.33311112592494e-05,93.3065614052127,105.304589404891,112.492542005087,120.371859406619,138.030811797936,0.0899568451774678,1.00052232353921,16196
Australasia,temperature,nu,45.9750923941461,32.7185539276561,95,0,4.13807974331856,111.486123723342,0.999966668888741,3.33311112592494e-05,8.56164493602635,22.4388648911764,37.3133676847338,60.3326746303647,130.873259442603,0.400444206868176,1.00031308039027,6741
Australasia,temperature,eff_size,2.35558886103809,0.26807430985526,95,0,1.85895057019282,2.90192292541448,0.999966668888741,3.33311112592494e-05,1.8495087546504,2.16962451729754,2.3491461639079,2.53347588476449,2.89389160865665,0.00203850382048411,1.00031428258183,17350
Australasia,temperature,x_pred,264.659991887241,118.942793704835,95,0,36.6862874784068,509.209044879318,0.98446770215319,0.0155322978468102,26.9795010585925,187.576522546317,264.537214349795,341.965751084261,500.418377266804,0.678573649437898,1.00012500162688,30771
Australasia,min_temperature,mu,149.02180842912,4.50214396948519,95,0,140.328400378081,157.856822792488,0.999966668888741,3.33311112592494e-05,139.865395638808,146.01583735845,149.15600511658,152.165029161696,157.471420631414,0.0524335680277411,1.00077669149404,7466
Australasia,min_temperature,sigma,27.9957986486489,5.22107866580236,95,0,17.1815722407536,37.3950301741384,0.999966668888741,3.33311112592494e-05,17.303739111268,24.4282720192114,28.2917972924372,31.6231678871732,37.5602336672093,0.10181222428077,1.00100797174932,2674
Australasia,min_temperature,nu,17.0499181320802,21.8167732013195,95,0,1.00527456924297,59.9756510596682,0.999966668888741,3.33311112592494e-05,1.80780970199888,4.20173282635879,8.6639375553436,20.7508750906067,80.0619370127181,0.596522602954924,1.00454878107937,1351
Australasia,min_temperature,eff_size,5.54909497515473,1.27361349324183,95,0,3.59253939305303,8.15957291609806,0.999966668888741,3.33311112592494e-05,3.88450846570816,4.65854777666282,5.25349927278137,6.15328075934279,8.83453015206646,0.0234345601290799,1.00099420567355,2953
Australasia,min_temperature,x_pred,148.851985236327,43.3639182589931,95,0,80.5652345639007,217.132993669939,0.99823345110326,0.00176654889674022,80.4767054994451,129.084668769502,149.107899107458,168.761143462888,217.078854116453,0.251927990265056,1.03487816905982,29516
Australasia,max_temperature,mu,131.719339639594,5.42116061618833,95,0,121.11503715896,142.406889076076,0.999966668888741,3.33311112592494e-05,120.93365885017,128.097288836552,131.753697875876,135.354183860101,142.324565064803,0.0469155726315366,1.0002894741596,13434
Australasia,max_temperature,sigma,36.8781908246991,5.3897626342282,95,0,25.7031477992724,47.259509063803,0.999966668888741,3.33311112592494e-05,25.6248167823512,33.5137676587834,37.0371236069324,40.4297628379092,47.1946556537984,0.0719870370146199,1.00032389528102,5622
Australasia,max_temperature,nu,24.7793804412947,25.7782986069399,95,0,1.1768333567731,78.1460910273988,0.999966668888741,3.33311112592494e-05,2.52242042670432,7.27220036336646,15.7683091637098,32.5343428679763,97.9476568203114,0.499798022553177,1.00685258948376,2703
Australasia,max_temperature,eff_size,3.6612161280231,0.652006197559013,95,0,2.58426007525379,5.00938890714143,0.999966668888741,3.33311112592494e-05,2.72192867831153,3.22727695367078,3.54985436107044,3.95603640124723,5.29095585114194,0.00906716363647724,1.00056562259391,5179
Australasia,max_temperature,x_pred,131.423488948103,44.1914028503434,95,0,50.824455746415,215.79177232928,0.996400239984001,0.00359976001599893,48.9412913648521,105.430777061165,131.840916893989,157.239754838447,214.068386177706,0.257405376641944,1.00156347026904,29507
Australasia,dewpoint,mu,337.452599078349,16.6945944713577,95,0,304.472093731348,369.851491232097,0.999966668888741,3.33311112592494e-05,304.662247886495,326.29086655637,337.427037844154,348.673129976697,370.179300872762,0.126381605936205,1.00065699168566,17450
Australasia,dewpoint,sigma,114.926985432069,16.1337979342483,95,0,85.1569288697814,147.655644045486,0.999966668888741,3.33311112592494e-05,85.6709624991009,103.658062575955,114.169389452009,125.325513196697,148.499299818956,0.204326302477474,0.999910856921442,6241
Australasia,dewpoint,nu,15.3395924350985,17.4097471766312,95,0,1.54067068780512,48.8017925322056,0.999966668888741,3.33311112592494e-05,2.78748830206984,5.69643860698596,9.31175643691424,17.4748195567928,66.3878970745621,0.406946882934124,1.00584330584338,1883
Australasia,dewpoint,eff_size,2.99584785641403,0.455839108046346,95,0,2.14944518950134,3.90871819402171,0.999966668888741,3.33311112592494e-05,2.20254183757602,2.67440945831711,2.95822471218388,3.28115862427956,3.97677705351665,0.00558936715453108,1.00005329786282,6664
Australasia,dewpoint,x_pred,336.805524527787,137.556570467217,95,0,62.6948876556277,602.029318501138,0.989234051063262,0.0107659489367376,64.8064140178766,256.209539358539,335.882098919194,418.372198713551,604.744617136849,0.79869973499669,1.00057472769088,29680
Australasia,pressure,mu,9203.65628035472,723.412967392985,95,0,7795.82061753804,10635.6439220725,0.999966668888741,3.33311112592494e-05,7768.40094372332,8721.6227775821,9203.50184291007,9686.99913076491,10617.6553554706,5.80359755193708,0.999998644858465,15538
Australasia,pressure,sigma,5075.89036770824,564.73772753127,95,0,4012.57266921723,6230.13109271758,0.999966668888741,3.33311112592494e-05,4028.5546909964,4692.62297492879,5049.65580994336,5435.9894030973,6252.72425362823,5.09210099645977,1.00042806723194,12329
Australasia,pressure,nu,34.707864600351,28.4566213432233,95,0,2.20060930662067,91.6815751300212,0.999966668888741,3.33311112592494e-05,4.63410538009002,14.4171415366053,26.6285683007857,46.0874813172469,109.94088616496,0.372399643580567,1.00078384103861,5874
Australasia,pressure,eff_size,1.83799918275517,0.268613067253713,95,0,1.32951679537199,2.37016146642489,0.999966668888741,3.33311112592494e-05,1.36150570094768,1.65769727499427,1.82064538801035,1.99600121303002,2.42037378659717,0.00251167574525695,1.0006514769936,11490
Australasia,pressure,x_pred,9215.20975942006,5473.50369590862,95,0,-1085.05140476226,20604.7913117672,0.954903006466236,0.0450969935337644,-1728.18057427074,5705.76624929588,9224.51062410392,12712.1583528989,20074.4475056768,32.1616805948097,0.999989366170688,28988
Australasia,precipitation,mu,169.009877450893,60.6510685330532,95,0,44.1701824617766,282.279456405678,0.995233651089927,0.00476634891007266,44.6747268278316,129.735492884367,170.610538069717,210.085218080681,283.336418230362,0.498911411484968,1.0011917052854,14792
Australasia,precipitation,sigma,375.631074419919,77.4572772856537,95,0,234.863201842345,534.680049410266,0.999966668888741,3.33311112592494e-05,247.248002090479,320.834743057471,367.05352109967,421.160390715278,553.336336625892,2.8863687973221,1.0031283317345,1921
Australasia,precipitation,nu,6.5455351393424,13.2802650289082,95,0,1.02459878294887,15.9904582071965,0.999966668888741,3.33311112592494e-05,1.50895818571966,2.51067230021835,3.48710429507616,5.34501318580617,37.7831123223477,2.67224330892797,1.05852901244662,598
Australasia,precipitation,eff_size,0.475635706880033,0.207991912164281,95,0,0.0789973445323595,0.893354492415071,0.995233651089927,0.00476634891007266,0.103080969998969,0.331524420933453,0.464244234211502,0.603968504805008,0.924430357465641,0.00303694847515683,1.00228838795405,5991
Australasia,precipitation,x_pred,172.293819036374,735.294839646583,95,0,-952.362292500455,1340.32194380468,0.665722285180988,0.334277714819012,-973.863222203451,-113.21089153889,177.233980056204,456.620824831562,1322.53967813144,4.35035092856718,1.00396809011799,28798
Australasia,vswc,mu,5.37716506782727,0.767586260972029,95,0,3.93824914547416,6.90625650058607,0.999966668888741,3.33311112592494e-05,3.97372409833589,4.839480101041,5.33991542372475,5.87872397774247,6.96054858629645,0.0105236304808986,1.00135944379143,5321
Australasia,vswc,sigma,4.41409539861738,0.946726118566867,95,0,2.68244966540047,6.2074978697725,0.999966668888741,3.33311112592494e-05,2.73521382157864,3.7029432441231,4.38088101456491,5.0834196842529,6.27464687275784,0.0205517336837087,1.00359285059359,2132
Australasia,vswc,nu,9.97193021561888,14.3147286254157,95,0,1.00248299553182,38.1736470136938,0.999966668888741,3.33311112592494e-05,1.57463191971382,2.89742541676766,4.72867202357658,10.0269215628379,53.2215585206494,0.550973294501393,1.05869652462545,792
Australasia,vswc,eff_size,1.25964175725415,0.252626412202842,95,0,0.792599505364365,1.7698694933509,0.999966668888741,3.33311112592494e-05,0.822926199723094,1.08315016503295,1.23778823883693,1.41362662217664,1.81320007853441,0.0037929316067128,1.00201511014075,4486
Australasia,vswc,x_pred,5.41358055009552,8.27162095318066,95,0,-6.31903133160856,18.0232612093219,0.858609426038264,0.141390573961736,-6.69673785339116,2.14188416020819,5.40465492974268,8.66614503102424,17.7261772689409,0.0477559061937887,1.03807512395482,29999
Australasia,ET,mu,1.23621970431686,0.268162571474174,95,0,0.70754393659823,1.76258062870529,0.999966668888741,3.33311112592494e-05,0.707938128956833,1.05656931734765,1.23547722523438,1.41504580270068,1.76375371143998,0.00202971899816191,1.00050242602958,17457
Australasia,ET,sigma,1.92318098974385,0.196722041333084,95,0,1.54787651695616,2.3106680785569,0.999966668888741,3.33311112592494e-05,1.57568777838224,1.78466674353634,1.91059427784955,2.04804613674677,2.34337810671457,0.00157382105093133,1.00003834437029,15679
Australasia,ET,nu,41.8644965420773,31.0772118398571,95,0,3.12542921340512,102.813735145063,0.999966668888741,3.33311112592494e-05,7.08345397601802,19.6187851210897,33.6595440552156,55.36606193995,122.527509478587,0.382386622703796,1.00062640644337,6699
Australasia,ET,eff_size,0.648890218679842,0.151378801083091,95,0,0.356004238959614,0.947927127556516,0.999966668888741,3.33311112592494e-05,0.351424323686879,0.54561286456235,0.648275055704572,0.751328273278078,0.944666506237863,0.00112611913158245,1.00020734290593,18071
Australasia,ET,x_pred,1.2274118254509,2.02812514724649,95,0,-2.98800217761536,5.09285066034288,0.737750816612226,0.262249183387774,-2.8285252816031,-0.0753638020576526,1.21457772509385,2.52805353517896,5.27932670133677,0.0117706262004826,0.999981615268011,29701
Australasia,PET,mu,2238.14327036038,131.835980732319,95,0,1972.46387541818,2490.66749188169,0.999966668888741,3.33311112592494e-05,1979.91898284844,2149.98453310619,2237.98261050305,2325.48641301834,2499.93275361573,0.987406947403146,1.00064472051457,17840
Australasia,PET,sigma,913.483880934011,126.769622633359,95,0,666.399894922558,1162.31743092744,0.999966668888741,3.33311112592494e-05,672.627065819529,826.941293480573,910.973286244516,996.10119307893,1170.34627245416,1.60497805288558,1.00145008784199,6259
Australasia,PET,nu,19.6795987298865,21.4892353183293,95,0,1.57403670583388,62.6940660243062,0.999966668888741,3.33311112592494e-05,2.87246113101621,6.56082595220727,11.9918464821791,24.4035410668967,80.9384723226723,0.442199296690989,1.01452887181292,2377
Australasia,PET,eff_size,2.4990992503755,0.388006071899998,95,0,1.77946431090071,3.26757967370845,0.999966668888741,3.33311112592494e-05,1.84040799816137,2.2295570343169,2.46138651678894,2.7287687966298,3.36420323738525,0.00452585896988525,1.00194474309014,7368
Australasia,PET,x_pred,2254.06916799317,1076.89091123809,95,0,112.141007282381,4375.27369704739,0.97870141990534,0.0212985800946604,108.544197106743,1620.33480956749,2242.41551488137,2893.04122669698,4373.45391831031,6.17490585192902,1.00013774027349,30417
