id,longitude,latitude,tmcf,remove,country,realm,elevation,cloud,avg_temperature,min_temperature,max_temperature,precipitation,dewpoint,pressure,vswc
0,-69.183347,-14.966681,Ulla Ulla,,BOL,Neotropic,4722,0.0005357438,0.011691478,0.012088291,0.01223332,0.008858277,0.012553885,0.91450435,0.0004184262
1,-63.866681,-17.750014,Amboró,,BOL,Neotropic,955,0.0012346627,0.00650022,0.006844724,0.006935848,0.017107278,0.012636527,0.99505997,0.00040277274
2,-64.400014,-17.266653,Carrasco,,BOL,Neotropic,295,0.0011180593,0.0064757993,0.0070829173,0.007272014,0.02411314,0.00983223,1.0085838,0.0003185391
3,-64.500014,-20.000014,Tariquía,,BOL,Neotropic,3040,0.00096995925,0.008584199,0.009083339,0.009409443,0.0062725213,0.009366009,0.86784834,0.00030649605
4,-44.633319,-22.383319,Itatiaia,,BRA,Neotropic,2194,0.0009871501,0.010425079,0.01028435,0.010502879,0.020292804,0.01298245,1.08282,0.0003220817
5,-66.033319,0.333319,Pico da Neblina,,BRA,Neotropic,100,0.000664769,0.006893587,0.007632722,0.0076940437,0.010449264,0.005046886,0.82387686,0.00014769295
6,-44.500014,-22.833319,Serra do Bocaína,,BRA,Neotropic,1515,0.0011110044,0.011522141,0.011275585,0.011513838,0.021108171,0.012489998,1.0622225,0.00029532326
7,-49.549986,-28.133319,Sao Joaquim,,BRA,Neotropic,1600,0.000976615,0.013683313,0.013669594,0.013588348,0.020498151,0.014345276,1.0037817,0.00021192722
8,115.316653,4.333319,Gunung Pagon,,BRN,Indomalayan,1029,0.0005889072,0.0070840223,0.007198212,0.0073406184,0.025840417,0.006161126,1.3440143,0.00027886804
9,-84.000014,10.166681,Braulio Carrillo,,CRI,Neotropic,790,0.00078297564,0.0071809804,0.0075116837,0.007500181,0.035886813,0.008661743,0.52804965,0.0003170901
10,-85.383319,10.800014,Volcán Rincón de la Vieja,,CRI,Neotropic,975,0.00064212136,0.008172382,0.008701554,0.008895785,0.030796792,0.0060389335,0.6894911,0.00053056097
11,-83.783319,9.716681,Tapantí,,CRI,Neotropic,1441,0.00096939364,0.008592585,0.009180316,0.009228401,0.039322883,0.009281953,0.4320709,0.00023830628
12,-83.483319,9.483319,Chirripó,,CRI,Neotropic,3588,0.00094145845,0.008644344,0.009351001,0.0094118975,0.023315273,0.00876574,0.4409599,0.00019637981
13,-84.233319,10.199986,Volcán Poás,,CRI,Neotropic,2405,0.00061531644,0.0070725037,0.0076956437,0.007713794,0.03635443,0.0079032555,0.47822928,0.00030971083
14,-84.800014,10.283319,Monteverde Cloud Forest Reserve,,CRI,Neotropic,1123,0.0005559943,0.007502347,0.00822239,0.008355028,0.030754752,0.0072372933,0.59741324,0.0003600261
15,-91.533319,-0.349986,Fernandina,,ECU,Neotropic,1405,0.00074983237,0.027541174,0.02742221,0.02749768,0.002881149,0.020435723,1.364813,4.633115E-09
16,-91.116681,-0.800014,Isabela,,ECU,Neotropic,920,0.00092621654,0.020602012,0.02071864,0.02061481,0.005424947,0.021945713,1.2875794,0.00057014293
17,-90.349986,-0.616681,Santa Cruz,,ECU,Neotropic,536,0.000902514,0.022295428,0.022361819,0.022315882,0.004096383,0.022512753,1.4070927,0.0004846634
18,-78.615819,-0.366681,Atacazo,,ECU,Neotropic,4115,0.00052847946,0.010052347,0.010133424,0.010150431,0.018949723,0.008026591,0.5926997,0.00022355496
19,-77.816653,-0.016681,Cayambe-Coca,,ECU,Neotropic,2130,0.0005511874,0.008487189,0.007222754,0.0072237942,0.030534806,0.00784789,0.7515739,0.00019238848
20,-77.866681,0.365014,Cerro Mongus,,ECU,Neotropic,3028,0.0005697281,0.009230838,0.008515181,0.008647086,0.014875481,0.007098389,0.67010325,0.0006125332
21,-78.000014,-0.483319,Cordillera de Guacamayo,,ECU,Neotropic,2914,0.0005404622,0.008372329,0.007386663,0.0072803893,0.024893804,0.008027805,0.7794407,9.56444E-05
22,-78.966681,-4.133319,Podocarpus National Park,,ECU,Neotropic,1497,0.001068892,0.009539178,0.007556689,0.0076532373,0.016032327,0.007330321,0.6955895,0.00029841904
23,-79.116681,-2.816681,Río Mazan,,ECU,Neotropic,3741,0.0004677746,0.010312835,0.00834066,0.00827873,0.013500963,0.0076372735,0.6370637,0.00024700805
24,-78.333347,-2.000014,Sangay,,ECU,Neotropic,4758,0.0005009074,0.009621115,0.007512222,0.007426204,0.024085011,0.0076877936,0.7791622,0.0002823901
25,-78.583347,-0.100014,Volcán Pichincha,,ECU,Neotropic,3215,0.0005715202,0.009315335,0.009492307,0.0096144,0.014977306,0.00783891,0.54610276,0.00016100204
26,-100.250014,17.416681,Sierra de Atoyac,,MEX,Neotropic,1265,0.00049895764,0.006257758,0.005846437,0.0057628034,0.016879518,0.0087405415,0.7007368,0.00031108534
27,-98.316653,20.316681,Cerra Viejo,,MEX,Neotropic,2385,0.00086287246,0.007945258,0.008131484,0.008315706,0.01059949,0.007483381,1.0140517,0.00033649046
28,-103.266681,19.433319,Espinazo del Diablo,,MEX,Neotropic,1775,0.00053947105,0.0061969645,0.006167409,0.0064600245,0.010607937,0.013873975,0.79161555,0.00038929036
29,-99.300014,23.133319,El Cielo,,MEX,Neotropic,1839,0.00095960416,0.012059114,0.0118134245,0.012396646,0.016558666,0.011064824,1.239244,0.00050068734
30,-105.000014,21.516653,El Nayer,,MEX,Neotropic,1151,0.0010601367,0.00888976,0.008059723,0.0081115635,0.009243822,0.013362946,0.7797541,0.00041508622
31,-99.050014,18.466681,Huautla,,MEX,Neotropic,1329,0.00027532302,0.0091452645,0.008871629,0.009167566,0.009020629,0.015962647,0.8742261,0.00046294546
32,-98.666653,19.166681,Iztacihuatl-Popocat‚petl,,MEX,Neotropic,3991,0.00063576095,0.00847025,0.008909124,0.009168101,0.011292662,0.014057851,0.7545365,0.00037713308
33,-98.000014,19.233347,"Volcán la Malinche, Tlaxcala-Puebla",,MEX,Neotropic,3676,0.0005797117,0.008602229,0.008927468,0.009199489,0.011374071,0.012448907,0.7841427,0.00038051032
34,-91.666653,16.166681,Lagunas de Montebello,,MEX,Neotropic,1323,0.000641876,0.0089760935,0.009463358,0.009640544,0.02208389,0.0071204933,0.8456372,0.00028085036
35,-96.550014,16.066681,Loxicha,,MEX,Neotropic,2171,0.00054281286,0.0062830257,0.0069512706,0.006968409,0.018988434,0.010456938,0.69505584,0.00021898531
36,-95.199986,18.549986,"Volcán San Martín, Veracruz",,MEX,Neotropic,1381,0.00066114205,0.007692085,0.0074259485,0.007517811,0.026028048,0.00808387,1.3842744,0.00016235371
37,-94.833347,18.383319,"Sierra de Santa Martha, Veracruz",,MEX,Neotropic,780,0.000607333,0.00792714,0.007973937,0.0081008645,0.02988593,0.007815643,1.2864987,0.00023564075
38,-97.000014,19.383319,"Teocelo, Veracruz",,MEX,Neotropic,1246,0.00079321227,0.0081629045,0.007814842,0.0079343105,0.013290293,0.0069644437,1.077702,0.00038857656
39,-99.750014,19.249986,"Nevado de Toluca, State of México",,MEX,Neotropic,2837,0.0007958748,0.008416325,0.008911485,0.009194481,0.008944737,0.015355748,0.7340948,0.0004985952
40,-99.166653,21.249986,Xilitla,,MEX,Neotropic,1891,0.0011681472,0.009255788,0.009348278,0.009840478,0.014745298,0.008067681,1.1857321,0.0004509988
41,-92.883319,15.666681,El Triunfo,,MEX,Neotropic,1850,0.0005612326,0.006128033,0.006781376,0.0068161595,0.025246259,0.0080953175,0.6769308,0.00020658331
42,-92.683347,16.733347,Huitepec,,MEX,Neotropic,2483,0.00069827924,0.007287872,0.007909067,0.007859094,0.012729732,0.008192766,0.7367443,0.00021691032
43,-82.800014,9.149986,Volcán Barú/Volcan Chiriqui,,PAN,Neotropic,2570,0.00062156393,0.008094701,0.008452876,0.0083454,0.023955492,0.0084608635,0.4583471,0.00019187051
44,-71.666653,-12.500014,Manú,,PER,Neotropic,1727,0.0006318748,0.008152302,0.0067202584,0.006645061,0.025431385,0.006996157,0.9785628,0.00013828378
45,-78.366681,-5.583319,Northern Cordillera del Colán,,PER,Neotropic,2108,0.00082155433,0.013712409,0.011956998,0.012374389,0.012381831,0.006984269,0.7963927,0.00060827634
46,-78.050014,-5.733319,Southern Cordillera del Colán,,PER,Neotropic,2226,0.00069895113,0.008473437,0.0075253607,0.0075082825,0.012139507,0.0069123954,0.7436283,0.00014879803
47,-89.383319,14.416681,Montecristo,,SLV,Neotropic,1822,0.0004919292,0.01004716,0.009415821,0.009568126,0.014759435,0.009580431,0.71621543,0.00031745355
48,-66.050014,-16.200014,Isiboro Sécure,,BOL,Neotropic,255,0.00079061656,0.008383638,0.009302609,0.009588709,0.020109767,0.01112213,1.0215167,0.00038334687
49,-68.500014,-13.166681,Madidi,,BOL,Neotropic,226,0.0007708237,0.008684929,0.008495297,0.008856578,0.024304645,0.011415968,1.0692766,0.00036702649
50,37.999986,12.999986,Simen Mountains,,ETH,Paleartic,2238,0.0004224572,0.008252028,0.006883397,0.0069512255,0.0077409325,0.013009407,0.87057173,0.00016160923
51,-78.633319,-3.016681,Zapote Najda Mountains,,ECU,Neotropic,3283,0.0008984828,0.009731667,0.0073262374,0.0074193226,0.016873332,0.0069355257,0.7607344,0.00026706082
52,-77.633319,-0.566681,Volcán Sumaco,,ECU,Neotropic,2682,0.00042334961,0.008405911,0.007257887,0.007183272,0.043235146,0.008025706,0.7710493,9.5349E-05
53,-80.683347,-1.649986,Machalilla,,ECU,Neotropic,256,0.0015778537,0.01924237,0.017919056,0.017993616,0.027105667,0.016891524,1.0783129,0.0006902687
54,-79.733319,-3.674431,Buenaventura,,ECU,Neotropic,943,0.00081035896,0.012340628,0.010389032,0.010436091,0.046542004,0.010045094,0.6807117,0.00030719512
55,-79.283319,-3.633319,Huashapamba,,ECU,Neotropic,2664,0.0006296803,0.010998984,0.009049358,0.009088504,0.011491794,0.007062119,0.56234765,0.00031426284
56,-79.949986,-3.950014,Vicentino,,ECU,Neotropic,889,0.0010038437,0.012524807,0.0105545055,0.010656364,0.050886206,0.011220571,0.66523933,0.00044931352
57,-80.000014,-4.000014,Alamor,,ECU,Neotropic,1226,0.001132938,0.013005869,0.0110283485,0.011113606,0.053169597,0.012884965,0.7204739,0.00049648096
58,-79.971653,-4.124181,Celica,,ECU,Neotropic,1623,0.001149517,0.012352422,0.01053536,0.010695846,0.043902643,0.011652454,0.6384383,0.00044996256
59,-79.800014,-4.333319,Sozoranga,,ECU,Neotropic,1505,0.0011479196,0.012066982,0.010620914,0.010843344,0.029637478,0.010863152,0.58104557,0.00039346944
60,-79.366681,-4.566681,Angashcola,,ECU,Neotropic,2814,0.00049546757,0.009909887,0.00817348,0.008249414,0.014065202,0.0070175854,0.5352154,0.00027213813
61,-78.650014,-4.366681,Shaime,,ECU,Neotropic,1022,0.0007943044,0.009465841,0.007503443,0.007686599,0.021876557,0.007060241,0.8361343,0.00018615008
62,-78.572514,-3.996681,Chinapinza,,ECU,Neotropic,1892,0.00080292585,0.009731342,0.007613062,0.0077987965,0.02074426,0.007045049,0.81336963,0.00024478175
63,-64.583347,-18.616681,Palmares de Pasopaya-Presto-Rodeo,,BOL,Neotropic,1358,0.00076822535,0.008498711,0.009411066,0.009853414,0.004506581,0.010352445,0.86717314,0.00042279172
64,-48.166097,-24.245819,Fazenda Intervales,,BRA,Neotropic,784,0.00088091026,0.01152477,0.012504801,0.012581592,0.015639152,0.011910141,1.0248355,0.00026400707
65,-45.175847,-23.468597,Bairro de Corcovado,,BRA,Neotropic,23,0.0008070772,0.010881293,0.011052566,0.011095526,0.019090755,0.011863541,1.0522335,0.00010875177
66,7.366681,1.566681,Principe Island,,STP,Paleartic,129,0.00079275307,0.0062335827,0.006158596,0.006232985,0.02722141,0.0063544177,0.8978143,4.6331143E-09
67,-78.248625,-4.503319,Río Comaina and Río Cenepa,,PER,Neotropic,894,0.00071473327,0.010000349,0.008442212,0.008672887,0.02723332,0.006764423,0.92677385,0.00022580498
68,-79.733319,-4.583319,Cerro Chacas,,PER,Neotropic,1737,0.0008799372,0.011393777,0.010135916,0.010260357,0.019581722,0.009765744,0.5316624,0.0003031516
69,-79.383319,-5.099986,Cerro Chinguela,,PER,Neotropic,3028,0.00059786334,0.00900326,0.0074734082,0.007482565,0.009088039,0.00672701,0.57038534,0.00023353485
70,-77.686681,-5.769181,Abra Patricia,,PER,Neotropic,2251,0.0004946791,0.007956749,0.00727591,0.007241405,0.0134338355,0.0063414555,0.7914523,0.00020913624
71,-77.766681,-6.683319,Leimebamba,,PER,Neotropic,2935,0.00055937783,0.009008162,0.007884634,0.00798508,0.009902099,0.008534561,0.79664654,0.00025988297
72,-77.483319,-7.533319,Río Abiseo,,PER,Neotropic,3522,0.0003579598,0.008849059,0.007833632,0.007876396,0.011069635,0.00743537,0.8602451,0.00029827576
73,-77.151097,-8.206097,Cumpang and Utcubamba,,PER,Neotropic,2905,0.0004482248,0.009498721,0.008231072,0.008255397,0.013057657,0.009050437,0.88046616,0.0001751325
74,-74.716681,-9.348347,Cerros de Sira,,PER,Neotropic,1384,0.00070832693,0.009025627,0.008730751,0.008834562,0.022288738,0.0075046527,0.95061827,0.00022311108
75,-76.116125,-9.699986,Bosque Unchog,,PER,Neotropic,2099,0.0003232062,0.009547177,0.0077091996,0.007628593,0.0126538575,0.008878056,0.91457444,0.00018914248
76,-77.466681,-9.750014,Huascarán,,PER,Neotropic,3688,0.00070963096,0.012583402,0.010772556,0.0107545415,0.009600761,0.011063971,0.8406548,0.0003008363
77,-82.800014,9.149986,La Amistad,yes,PAN,Neotropic,2570,0.00062156393,0.008094701,0.008452876,0.0083454,0.023955492,0.0084608635,0.4583471,0.00019187051
78,-91.551097,14.743319,Volcán Santa María,,GTM,Neotropic,2863,0.0006496892,0.007619873,0.007903527,0.007858467,0.028447572,0.008926596,0.5622841,0.00022006514
79,-91.199986,14.616681,Volcán Atitlán,,GTM,Neotropic,2454,0.00079097063,0.007867793,0.007909307,0.007924963,0.026482077,0.010172002,0.57989067,0.00021645224
80,-91.199986,14.499986,Finca Mocca Private Reserve,,GTM,Neotropic,784,0.0006613115,0.008349586,0.008269231,0.0083629945,0.031207995,0.009074242,0.605655,0.00024043368
81,-90.883319,14.483319,Volcán Acatenango,,GTM,Neotropic,3420,0.00072960794,0.008361042,0.008168409,0.008187669,0.02809286,0.010022424,0.58607453,0.00021872306
82,-77.666653,0.499986,Playón de San Francisco,,ECU,Neotropic,3364,0.00059259555,0.009198339,0.008214145,0.00829105,0.021590266,0.007026896,0.71250373,0.00047153982
83,-92.199986,15.100014,Volcán Tacaná,,MEX,Neotropic,942,0.0006067112,0.007605822,0.007997726,0.008173414,0.027206838,0.007555352,0.6314274,0.0002683914
84,-91.766681,16.466681,Las Margaritas,,MEX,Neotropic,2033,0.0008385666,0.009213369,0.009674684,0.009900196,0.019444542,0.00827318,1.025883,0.00042928726
85,-91.849986,16.916681,"Ocosingo, Chiapas",,MEX,Neotropic,720,0.00066732435,0.008720662,0.009511337,0.009716412,0.020074032,0.008021673,1.0299047,0.00035771108
86,-93.416653,16.516653,Cerro Tres Picos,,MEX,Neotropic,1260,0.00062807155,0.0061923196,0.0074709617,0.0075388076,0.014958813,0.0071654427,0.7945005,0.000256637
87,-94.199986,16.766653,Los Chimalapas,,MEX,Neotropic,1660,0.00074573397,0.0067522516,0.0077245156,0.007863489,0.019046908,0.007377354,0.8293348,0.0002561098
88,-92.866681,17.183319,"Region Norte, Chiapas",,MEX,Neotropic,1792,0.00081483397,0.007491321,0.008367463,0.008469757,0.022911767,0.0066633634,0.8841593,0.00026123278
89,-83.866681,9.983319,Irazu Volcano,,CRI,Neotropic,2882,0.00082636246,0.007937891,0.008454913,0.008448505,0.023936529,0.009213574,0.44332105,0.00020932687
90,-83.300014,9.466681,La Amistad,,CRI,Neotropic,1913,0.0007490102,0.0084014805,0.0090352995,0.009039414,0.024375092,0.00875364,0.4407133,0.00021888959
91,-83.911931,9.707514,Genesis II Cloud Forest Preserve,,CRI,Neotropic,2387,0.001018512,0.008643574,0.009396016,0.009475374,0.022056455,0.008797376,0.44155344,0.00023349727
92,-83.616681,9.583319,Río Macho,,CRI,Neotropic,2904,0.0009008086,0.008541589,0.009192117,0.009221683,0.029754017,0.008935551,0.4339733,0.00019814915
93,-83.883319,9.583319,Los Santos,,CRI,Neotropic,2656,0.0009769901,0.008547403,0.009466715,0.009551561,0.023721848,0.008085263,0.4877382,0.00019106106
94,-85.449986,10.933347,Volcán Cacao,,CRI,Neotropic,1578,0.0005069768,0.0075941775,0.00804608,0.008231237,0.02876864,0.0055886246,0.671407,0.00044024852
95,-89.633319,13.866681,Santa Ana,,SLV,Neotropic,1980,0.00078713516,0.010679549,0.010122196,0.010287792,0.022151416,0.010424852,0.6570878,0.00024738733
96,-89.283319,13.749986,San Salvador,,SLV,Neotropic,1565,0.00071157713,0.011233824,0.01082823,0.011133762,0.020861126,0.011661265,0.6780994,0.00025405997
97,-88.849986,13.600014,San Vicente,,SLV,Neotropic,1778,0.00077055505,0.010190916,0.010048666,0.010314773,0.02426492,0.011722343,0.685406,0.00024956034
98,-89.633319,13.866681,Los Andes,yes,SLV,Neotropic,1980,0.00078713516,0.010679549,0.010122196,0.010287792,0.022151416,0.010424852,0.6570878,0.00024738733
99,-89.699986,13.883319,San Rafael Los Naranjos/El Campanil,,SLV,Neotropic,1495,0.0008346002,0.010006193,0.009398392,0.009470756,0.023063015,0.010407665,0.6472072,0.00021670714
100,-89.349986,13.716681,Santa María,,SLV,Neotropic,630,0.00073292357,0.010765656,0.010241771,0.010480857,0.02086962,0.011147703,0.6622659,0.00021048824
101,-89.800014,13.899986,Laguna Las Ninfas,,SLV,Neotropic,1117,0.0008346002,0.010006193,0.009398392,0.009470756,0.024160326,0.010407665,0.6472072,0.00021670714
102,-90.883319,14.466681,Volcán de Fuego,,GTM,Neotropic,3193,0.00072960794,0.008361042,0.008168409,0.008187669,0.02809286,0.010022424,0.58607453,0.00021872306
103,-81.766681,8.499986,Cerro Santiago,,PAN,Neotropic,1658,0.00056620425,0.008254446,0.008592102,0.008655292,0.04695424,0.006714683,0.5537063,0.0002599132
104,-79.400014,9.149986,Cerro Azul,,PAN,Neotropic,415,0.00046857694,0.008338784,0.0078844065,0.007964237,0.026727272,0.006802809,0.71713215,0.00025150712
105,-79.550014,9.466681,Cerro Bruja,,PAN,Neotropic,420,0.0005575355,0.0074690427,0.0071375743,0.0071050655,0.04711995,0.0067347167,0.67052335,0.00021984203
106,-79.366681,9.233319,Cerro Jefe,,PAN,Neotropic,679,0.000452681,0.008425681,0.007796813,0.00783532,0.03634646,0.0070971954,0.68981326,0.00027799496
107,-82.750014,8.899986,Cerro Pando,,PAN,Neotropic,1870,0.00087204925,0.008603231,0.009382977,0.009389608,0.034796875,0.008043556,0.48596418,0.00020827065
108,-80.699986,7.283319,Cerro Hoya,,PAN,Neotropic,599,0.001120905,0.0090691745,0.009276166,0.009506033,0.023070378,0.0065733255,0.8494787,0.00015531815
109,-77.300014,8.149986,Cerro Tacarcuna,,PAN,Neotropic,1760,0.0006549242,0.009837807,0.009918995,0.010078534,0.031123826,0.0073267994,0.7328193,0.00035814717
110,-77.716681,7.866681,Cerro Pirre,,PAN,Neotropic,896,0.00058792497,0.010056361,0.010087111,0.010359702,0.029715631,0.007440943,0.7479243,0.00042061086
111,-78.383319,7.949986,Cerro Sapo,,PAN,Neotropic,316,0.0006663094,0.008291376,0.008386681,0.008547092,0.036595948,0.0062458394,0.82703865,0.00020154228
112,39.999986,6.999986,Bale Mountains,,ETH,Paleartic,2689,0.0009911658,0.007940548,0.005945436,0.0061330018,0.009255138,0.021663757,0.9189212,0.00045164328
113,145.800014,-17.583319,Mount Bartle Frere,,AUS,Australasia,467,0.001504985,0.011666446,0.0119939875,0.011955987,0.05853929,0.01609842,1.4554875,0.00043643938
114,145.866681,-17.716681,Mount Bellenden Ker,,AUS,Australasia,79,0.0014269907,0.011562611,0.011965583,0.011937018,0.061451443,0.015655505,1.4864764,0.00044546422
115,115.199986,4.483319,Bukit Belalong,,BRN,Indomalayan,528,0.00063830096,0.0061543877,0.006794302,0.007009023,0.024756666,0.0074431403,1.3673413,0.0002739713
116,80.800014,6.933319,Hakgala Peak,,LKA,Indomalayan,1805,0.0005021032,0.0074111633,0.0073590833,0.0076060784,0.022529293,0.005194535,1.276645,0.00044290704
117,80.749986,6.800014,Kirigalpota,,LKA,Indomalayan,1964,0.00051111967,0.007201246,0.007231861,0.007482898,0.02298978,0.0048156697,1.285721,0.00044063156
118,80.516681,6.783319,Sri Pada/Adam's Peak,,LKA,Indomalayan,1704,0.0005734764,0.0065540713,0.0065834257,0.006776791,0.02930045,0.0048784507,1.2314203,0.0002683838
119,80.749986,7.016681,Pidurutalagala,,LKA,Indomalayan,2237,0.00050744927,0.007725143,0.007590145,0.007859558,0.024815371,0.005535584,1.2747241,0.00046965046
120,80.749986,6.916681,Conical Hill,,LKA,Indomalayan,1610,0.0005021032,0.0074111633,0.0073590833,0.0076060784,0.020674694,0.005194535,1.276645,0.00044290704
121,80.716681,6.983319,Kikilimana,,LKA,Indomalayan,1865,0.0005021032,0.0074111633,0.0073590833,0.0076060784,0.023793016,0.005194535,1.276645,0.00044290704
122,80.800014,7.047208,Mahakudugala,,LKA,Indomalayan,1702,0.00050744927,0.007725143,0.007590145,0.007859558,0.025601786,0.005535584,1.2747241,0.00046965046
123,81.116681,6.933319,Namunukula,,LKA,Indomalayan,1837,0.0004527299,0.009246742,0.009219363,0.009579461,0.024872398,0.0071257097,1.4091889,0.0005417348
124,80.666653,6.933319,Nanuoya,,LKA,Indomalayan,1215,0.0004915665,0.007119679,0.0070795133,0.007301891,0.025031848,0.0048569595,1.244877,0.00036818185
125,80.849986,7.016681,Ragala,,LKA,Indomalayan,1588,0.00047248238,0.008271774,0.008285029,0.00857326,0.025973856,0.006656352,1.3307176,0.00045124727
126,80.833347,7.366681,Knuckles,,LKA,Indomalayan,1363,0.0005725062,0.00881177,0.0087407725,0.009102502,0.027957948,0.0065978896,1.3568331,0.00047072393
127,80.733319,7.466681,Gombaniya,,LKA,Indomalayan,1508,0.00057752075,0.008016539,0.007765091,0.008083684,0.027862245,0.005759054,1.3200146,0.0003967027
128,80.783319,7.466681,Kalupahana,,LKA,Indomalayan,730,0.00057752075,0.008016539,0.007765091,0.008083684,0.029084079,0.005759054,1.3200146,0.0003967027
129,80.866681,7.383319,Dumbanagala,,LKA,Indomalayan,1429,0.0005725062,0.00881177,0.0087407725,0.009102502,0.029574608,0.0065978896,1.3568331,0.00047072393
130,109.699986,18.950014,Wuzhi Mountain,,CHN,Indomalayan,768,0.0008356435,0.01321213,0.012167625,0.01228174,0.02213498,0.013882883,1.382345,0.0005665685
131,93.916653,21.200014,Natma Taung/Mount Victoria,,MMR,Indomalayan,2240,0.00064035185,0.009367675,0.009643443,0.009847099,0.036576256,0.00624814,1.3059437,0.00026723227
132,-43.429431,-22.607208,Serra do Tingu ,,BRA,Neotropic,40,0.001017231,0.012557683,0.012050132,0.012352969,0.020962138,0.013707576,1.0935314,0.0004987811
133,-43.049986,-22.466681,Serra dos Orgaos,,BRA,Neotropic,2100,0.0009811254,0.011586206,0.011060379,0.011232807,0.01878392,0.013104159,1.0946721,0.00033276255
134,-78.750014,-6.233319,Cutervo,,PER,Neotropic,2659,0.0012838385,0.01124514,0.009719821,0.010162901,0.0121469665,0.010225272,0.7191379,0.00045640828
135,-75.983319,-9.266681,Tingo Maria,,PER,Neotropic,654,0.00055219344,0.009895388,0.008166462,0.008240949,0.033843305,0.007844916,0.9060599,0.0003268887
136,-75.349986,-10.366681,Yanáchanga Chemillén,,PER,Neotropic,1052,0.00048535338,0.009473457,0.00744487,0.007445605,0.027605396,0.008391669,0.90886015,0.000121892364
137,-72.866681,-13.566653,Ampay,,PER,Neotropic,3906,0.0005678892,0.011730416,0.010812702,0.01109582,0.0075219716,0.0072139488,0.8881992,0.000423188
138,-72.583347,-12.199986,Macchu Picchu,,PER,Neotropic,1430,0.00060574827,0.009480886,0.0075436886,0.0075125094,0.030133849,0.0071991263,0.926213,0.00017962896
139,-79.333347,-3.750014,El Sauce,,ECU,Neotropic,2937,0.0006296803,0.010998984,0.009049358,0.009088504,0.010214197,0.007062119,0.56234765,0.00031426284
140,-79.216681,-3.633319,Torré,,ECU,Neotropic,2554,0.0006296803,0.010998984,0.009049358,0.009088504,0.011228818,0.007062119,0.56234765,0.00031426284
141,-79.283319,-3.799986,Santiago,,ECU,Neotropic,2506,0.000620294,0.011085133,0.009223638,0.009275228,0.007288398,0.0069886507,0.54726446,0.00031151666
142,-79.199986,-3.683319,Oñacapa/Hiñuña,,ECU,Neotropic,2759,0.0006648545,0.009971818,0.0077633276,0.007816377,0.010710602,0.0068608625,0.61741036,0.00026499602
143,-79.366681,-3.533319,Cuesta de Cañabrada,,ECU,Neotropic,2573,0.00047672782,0.011029649,0.009285795,0.009316793,0.012743587,0.007126544,0.5338669,0.000215638
144,-79.216681,-3.700014,Ingapirra,,ECU,Neotropic,3086,0.0006296803,0.010998984,0.009049358,0.009088504,0.011243741,0.007062119,0.56234765,0.00031426284
145,-88.966681,17.116681,Slate Creek Preserve,,BLZ,Neotropic,283,0.00067153503,0.010977252,0.0109776,0.011537517,0.022704111,0.00897135,1.3432738,0.00069026626
146,-89.833347,15.149986,Sierra de las Minas,,GTM,Neotropic,2322,0.0008399851,0.00983437,0.009302859,0.009533208,0.021695185,0.009085006,1.0024493,0.00041126582
147,-89.333347,14.499986,Trifinio,,GTM,Neotropic,1529,0.0007221904,0.009890679,0.009001028,0.009166038,0.016477495,0.00948038,0.75440735,0.00025522982
148,-90.283319,15.249986,Univ. Biotope,,GTM,Neotropic,1626,0.0005998027,0.009658722,0.00931361,0.009466646,0.017872414,0.00860162,0.8354501,0.00031407358
149,-77.949986,7.349986,Cordillera de Juradó,,PAN,Neotropic,373,0.0010237937,0.008702692,0.009092262,0.009198501,0.033267226,0.0066319485,0.8671108,0.0001238077
150,-105.816653,23.466681,El Batel,,MEX,Neotropic,1765,0.0006625439,0.010351052,0.008337581,0.008567882,0.008875326,0.015240971,0.8054928,0.0003443352
151,-104.166653,19.549986,Sierra de Manantlán,,MEX,Neotropic,2429,0.00061544473,0.006661514,0.006889307,0.007057157,0.013588924,0.012644228,0.7949474,0.00048312996
152,-103.616681,19.533319,Nevado de Colima,,MEX,Neotropic,3353,0.00054262613,0.006294565,0.006344034,0.0065603666,0.011704897,0.012557949,0.7991507,0.0003353445
153,-100.300014,19.733347,"Sierra Chincua, Michoacán",,MEX,Neotropic,2672,0.00068770006,0.008359606,0.008532746,0.009050163,0.013270696,0.019538665,0.7890372,0.00046788433
154,124.050014,12.800014,Mount Bulusan,,PHL,Indomalayan,457,0.00068596547,0.004870445,0.005168409,0.005418269,0.06882922,0.006314215,1.8529149,0.00045344068
155,121.199986,14.133319,Mount Makiling/Maquiling,,PHL,Indomalayan,943,0.0005936798,0.00710462,0.007487259,0.007865327,0.0370256,0.0073129195,1.7543802,0.00060415594
156,98.483319,18.583319,Doi Inthanon,,THA,Indomalayan,2532,0.0010990339,0.009143236,0.011195173,0.011896128,0.016872369,0.010457667,1.2523236,0.00033930145
157,-99.683347,17.549986,"Omiltempi, Guerrero",,MEX,Neotropic,2296,0.0004827347,0.006401238,0.0060767485,0.0061637806,0.012041329,0.010056685,0.73470443,0.00032073626
158,-97.883319,17.183319,"San Andrés Chicahuaxtla, Oaxaca",,MEX,Neotropic,2006,0.00042872783,0.0059690364,0.006398292,0.0062833056,0.013497281,0.009570028,0.69302285,0.00027902788
159,-96.666653,17.166681,"Cerro San Felipe, Oaxaca",,MEX,Neotropic,3246,0.0005713897,0.0092684375,0.009558288,0.009975239,0.009683275,0.011755648,0.8014557,0.00048803515
160,-97.116681,16.200014,"Sierra de Maihuatlán, Oaxaca",,MEX,Neotropic,1786,0.0005060487,0.0057405015,0.006125471,0.006083334,0.0128120445,0.010097969,0.69967145,0.00022473614
161,-92.733319,16.166681,"La Sepultura, Chiapas",,MEX,Neotropic,621,0.0005696513,0.007196597,0.008927881,0.00914944,0.013926658,0.0061741583,0.76904154,0.00032155664
162,-99.666653,18.616681,"Sierra de Taxco, Guerrero",,MEX,Neotropic,2274,0.00033797446,0.0076628025,0.0075509977,0.0077634347,0.009361608,0.01509403,0.7976069,0.00029155903
163,-99.316653,18.983347,"Ocuilan, State of M‚xico",,MEX,Neotropic,2161,0.00037683352,0.00736311,0.00766636,0.0077461107,0.010518394,0.014420701,0.76651734,0.00030939383
164,-98.633319,21.083319,"Tlanchinol, Hidalgo",,MEX,Neotropic,649,0.0010697929,0.0101743555,0.010303215,0.010677632,0.019470898,0.007876585,1.3098841,0.00040441725
165,-96.383319,17.633319,"Sierra de Juárez, Oaxaca",,MEX,Neotropic,1036,0.00072078744,0.008753167,0.008094511,0.008304672,0.02637226,0.008251591,1.0671341,0.00024645045
166,-89.089264,14.314319,Cerro El Pital,,SLV,Neotropic,1877,0.000431866,0.011030409,0.010613441,0.010850783,0.020917065,0.010478474,0.6569081,0.00041719252
167,112.249986,-7.949986,Gunung Kawi,,IDN,Indomalayan,702,0.0005263127,0.009615941,0.0069783963,0.00671968,0.03838859,0.013924032,1.5518537,0.0008594747
168,112.716681,-8.083319,Gunung Semeru,,IDN,Indomalayan,512,0.00069384894,0.009855593,0.0077723917,0.007604029,0.03919488,0.014937,1.5226957,0.00089900603
169,115.466681,-8.333319,Gunung Agung,,IDN,Indomalayan,1559,0.00065671897,0.006917048,0.006744811,0.006812328,0.040661793,0.014487581,1.5806599,0.00066075876
170,116.416653,-8.399986,Gunung Rinjani,,IDN,Australasia,2035,0.00058428274,0.0068918103,0.006821741,0.006661088,0.04543035,0.013836412,1.602902,0.00059081113
171,106.433347,-6.699986,Haliman,,IDN,Indomalayan,1593,0.0009157115,0.0073911576,0.0064267064,0.0068937647,0.06540121,0.011174725,1.3876148,0.00076031906
172,106.933347,-6.800014,Pangrango,,IDN,Indomalayan,1660,0.0007949988,0.0075000413,0.0064750877,0.0070596645,0.05315877,0.0132318325,1.4125419,0.0007693703
173,119.966681,-5.366681,Gunung Lompobatang,,IDN,Australasia,1610,0.0006542664,0.0062168334,0.00565975,0.0059353486,0.044327557,0.01601576,1.5345044,0.0007534996
174,140.266653,-4.716681,Puncak Mandala,,IDN,Australasia,2832,0.00055293133,0.006764568,0.0055170665,0.0055735596,0.029267583,0.00851864,1.2479457,0.00014488763
175,139.933347,-4.533319,Puncak Wisnumurti,,IDN,Australasia,3974,0.00061776594,0.0064354944,0.0049940487,0.0050038453,0.021224083,0.006914225,1.2374752,0.00012559323
176,103.099986,-4.066681,Dempo,,IDN,Indomalayan,1325,0.00062446296,0.0058128256,0.005679576,0.005877627,0.035971537,0.008264162,1.2231921,0.0005300225
177,103.483319,-4.333319,Bepagut,,IDN,Indomalayan,2352,0.0007648992,0.0062434482,0.006104223,0.006367232,0.037055556,0.010860306,1.2521355,0.00066050893
178,103.333347,-4.233319,Patai,,IDN,Indomalayan,2222,0.00076129485,0.006029062,0.005906842,0.006155999,0.035372116,0.009624077,1.2413055,0.0005718651
179,136.749986,-4.033319,Gunung Leonard Darwin,,IDN,Australasia,3273,0.0005059328,0.008313328,0.005653448,0.0056818877,0.03957868,0.0078289565,1.3048604,0.00010441142
180,137.149986,-4.083319,Puncak Jaya/Mount Carstensz,,IDN,Australasia,3953,0.00033995777,0.008212058,0.0056413054,0.0056161894,0.037756044,0.008267792,1.2682773,0.000118550386
181,138.649986,-4.283319,Puncak Tricora,,IDN,Australasia,4085,0.0006712982,0.008299965,0.0059381668,0.0059808595,0.02344177,0.008349537,1.2838094,0.00014298645
182,138.416681,-4.383319,Gunung Daam,,IDN,Australasia,2072,0.00055765046,0.008283026,0.005838921,0.0058714557,0.024114741,0.008201879,1.3275945,0.0001389131
183,101.783319,-3.416681,Sumbing,,IDN,Indomalayan,0,0.0004452183,0.0065019927,0.0062238136,0.006396386,,0.0053643873,1.2342019,0.0002625506
184,102.316653,-3.366681,Daun,,IDN,Indomalayan,1276,0.0005908479,0.0055763577,0.005269515,0.005336733,0.030233063,0.0064432663,1.1853243,0.00036098267
185,120.016681,-3.383319,Gunung Rantemario,,IDN,Australasia,3189,0.0006823187,0.0060294284,0.0049810065,0.005056258,0.038710486,0.010094762,1.4268489,0.00053545
186,121.249986,-3.650014,Gunung Mekongga,,IDN,Australasia,2542,0.0008659193,0.0070149694,0.0053997054,0.00566252,0.04247592,0.011701171,1.4629409,0.00073151215
187,126.216681,-3.299986,Gunung Kelapat Muda,,IDN,Australasia,2604,0.00050533627,0.0052563804,0.0049175336,0.004754277,0.11597639,0.009595855,1.5253218,0.00042749097
188,129.466653,-3.166681,Gunung Binaya,,IDN,Australasia,2154,0.00056539365,0.0059635066,0.004945437,0.004975962,0.09421649,0.010286504,1.529875,0.0005505582
189,102.133319,-2.866681,Seblat,,IDN,Indomalayan,2063,0.0005505563,0.005371774,0.0054811607,0.005438942,0.02978426,0.0072303214,1.2260374,0.00040809994
190,101.883319,-2.733319,Gedang,,IDN,Indomalayan,2167,0.0005571895,0.0054849563,0.0054908106,0.005443585,0.02639351,0.007001294,1.1915675,0.00031120196
191,119.416653,-2.750014,Bukit Gandadiwata,,IDN,Australasia,2512,0.00077726145,0.0062270258,0.0052979,0.0052703335,0.06426962,0.009097836,1.345716,0.00043228702
192,138.766653,-2.533319,Van Rees Mountains and Foja Mountains,,IDN,Australasia,1796,0.00053185725,0.006846599,0.004095289,0.004083034,0.016817985,0.005713436,1.2973771,0.00018702216
193,101.349986,-2.049986,Talang,,IDN,Indomalayan,1458,0.0005793106,0.0051503573,0.0052137207,0.0051486716,0.028798155,0.0068036336,1.1747899,0.0002115679
194,101.866681,-2.483319,Masurai,,IDN,Indomalayan,2486,0.0005649362,0.005370581,0.0053894552,0.005322609,0.025909558,0.0070699183,1.2369205,0.00036189787
195,120.083347,-2.333319,Bukit Kambuno,,IDN,Australasia,2425,0.00060376973,0.007037867,0.005386724,0.0055386187,0.033506118,0.010657749,1.393371,0.00059174077
196,101.383319,-1.700014,Tujuh,,IDN,Indomalayan,1995,0.0007439786,0.0048653265,0.0049316026,0.0048088226,0.022514392,0.0067905365,1.232796,0.0002387526
197,101.283319,-1.700014,Kerinci,,IDN,Indomalayan,2764,0.0007439786,0.0048653265,0.0049316026,0.0048088226,0.021780958,0.0067905365,1.232796,0.0002387526
198,110.150014,-1.200014,Gunung Palung,,IDN,Indomalayan,865,0.0006868556,0.004276401,0.004231151,0.0044234567,0.029721472,0.0065023466,1.3374054,0.00031313347
199,120.199986,-1.350014,Gunung Nokilalaki,,IDN,Australasia,1529,0.000497955,0.0066215275,0.0045307227,0.0046201735,0.028721297,0.00623402,1.4120525,0.00031395865
200,120.316653,-1.266681,Gunung Roroka Timbu,,IDN,Australasia,2204,0.00041758025,0.006395668,0.004573365,0.0046437094,0.028785862,0.005909746,1.4448483,0.00030102124
201,121.416653,-1.250014,Gunung Katopasa,,IDN,Australasia,2148,0.00072659244,0.0070016203,0.0048005804,0.0049226494,0.056755397,0.008615009,1.4779627,0.00045763858
202,121.366681,-1.633319,Gunung Tambusisi,,IDN,Australasia,1737,0.0009474015,0.0074832737,0.005122473,0.0052751503,0.025187762,0.010752344,1.4997239,0.0005896402
203,121.683347,-1.600014,Gunung Tokala,,IDN,Australasia,1256,0.0005697139,0.0074222153,0.0057811295,0.0058139306,0.058701716,0.0096108895,1.5542244,0.00038962654
204,133.816653,-1.450014,Gunung Lina,,IDN,Australasia,2360,0.00042717872,0.0070437426,0.004830152,0.004833409,0.045968555,0.007730905,1.3258467,0.00020179643
205,110.216681,-1.066681,Gunung Panti,,IDN,Indomalayan,515,0.0008718813,0.005019485,0.0050804694,0.005502788,0.030378452,0.007475875,1.3264902,0.00047003943
206,112.416653,-0.699986,Bukit Baka,,IDN,Indomalayan,803,0.000545609,0.004311677,0.0043160487,0.0044347076,0.040629625,0.007027294,1.3489482,0.00025021535
207,112.716681,-0.633319,Bukit Raya,,IDN,Indomalayan,1527,0.0005303331,0.004740503,0.004779255,0.0049053594,0.045369286,0.0069264164,1.352507,0.0002171009
208,132.399986,-0.666681,Kwoka,,IDN,Australasia,1561,0.0008171014,0.007225096,0.0048632394,0.004752076,0.053659666,0.006885713,1.3942326,0.00033576097
209,100.433347,-0.333319,Marapi,,IDN,Indomalayan,1086,0.0007688203,0.005240362,0.0055273236,0.005426711,0.022360351,0.006078296,1.1958182,0.00021851022
210,100.316653,-0.383319,Singgalang,,IDN,Indomalayan,2037,0.00079580984,0.0053489767,0.0055320645,0.005450438,0.016802674,0.006395325,1.1482708,0.00017652509
211,99.983319,0.066681,Talamau,,IDN,Indomalayan,2384,0.00068819674,0.005219941,0.005528325,0.005501999,0.029489845,0.005960383,1.1522171,0.00016615441
212,100.633319,-0.383319,Malintang Sago,,IDN,Indomalayan,848,0.0008367063,0.0058192755,0.00611937,0.006133435,0.027041115,0.0059351083,1.2803686,0.0004254845
213,99.550014,0.633319,Sorik Merapi,,IDN,Indomalayan,1566,0.00064172933,0.005205578,0.0054897005,0.0054599736,0.031444125,0.0062183724,1.1315451,0.00013804386
214,120.266681,0.649986,Gunung Ogoamas,,IDN,Australasia,980,0.0006215378,0.005509119,0.004805795,0.0050177365,0.034629088,0.0056689037,1.4691023,0.0004609757
215,120.766681,0.749986,Gunung Maling,,IDN,Australasia,337,0.00058638764,0.005593545,0.004808604,0.005058838,0.031926006,0.006335283,1.4626995,0.00044000192
216,125.166653,1.483319,Gunung Klabat,,IDN,Australasia,1089,0.00071303325,0.0037522179,0.0041247173,0.004058551,0.040009912,0.007160656,1.6378752,0.0004958551
217,115.249986,3.183319,Iban Range,,IDN,Indomalayan,450,0.0007037731,0.0067029195,0.0070420667,0.007413202,0.031355377,0.004673218,1.3234317,0.00030718648
218,97.199986,3.766681,Leuser,,IDN,Indomalayan,2954,0.00050502265,0.0047244164,0.005198458,0.0051303045,0.016694931,0.006611154,1.1201792,0.00012606553
219,97.783319,3.766681,Bandahara,,IDN,Indomalayan,2531,0.00051724963,0.0051466557,0.0058649234,0.0058878944,0.028271994,0.005730917,1.2160642,0.00020044853
220,97.483319,4.083319,Lembu,,IDN,Indomalayan,1400,0.0006961225,0.0052747126,0.0058681644,0.005868718,0.023480067,0.0063536325,1.2108707,0.00028562726
221,95.633319,5.050014,Hulumasen,,IDN,Indomalayan,2084,0.00045171392,0.0046867533,0.0051237317,0.0050834557,0.028007274,0.005331956,1.161137,0.00020020462
222,96.300014,4.933319,Kemiki,,IDN,Indomalayan,1986,0.0007208351,0.004598164,0.0050963485,0.0049910597,0.020032754,0.00632829,1.1805464,0.00019311874
223,96.749986,4.333319,Abong-Abong,,IDN,Indomalayan,2259,0.00054333324,0.00499053,0.0056761205,0.005645715,0.02367111,0.0062244176,1.1172171,0.00017495645
224,96.883319,4.849986,Kapal,,IDN,Indomalayan,1621,0.000695469,0.004981977,0.005584706,0.0055485475,0.019854931,0.0062617105,1.2100763,0.00027940574
225,29.983347,-7.500014,Marungu Highlands,,ZAR,Paleartic,2416,0.00038205957,0.0065896735,0.0066119693,0.006720621,0.010108727,0.008065836,0.848245,0.00017343074
226,29.049986,-5.133319,Kabobo Mountain,,ZAR,Paleartic,2552,0.00039562356,0.007668349,0.007256001,0.0072903284,0.012865794,0.00943525,0.84689575,0.00024900687
227,29.583319,-3.933319,Bururi,,BDI,Paleartic,1582,0.0002895037,0.007093533,0.006327887,0.0063840593,0.009381832,0.007050878,0.8528009,0.00016706571
228,28.583319,-3.416681,Itombwe Mountains,,ZAR,Paleartic,1674,0.0003209459,0.009164921,0.007838117,0.00774912,0.010962576,0.008492581,0.87698543,0.00019322183
229,29.333319,-2.716681,Kibira,,BDI,Paleartic,2430,0.00045187227,0.008507747,0.0077853394,0.007910093,0.011218302,0.011697659,0.8711992,0.00030204316
230,10.333319,-2.383319,Monts Doudou,,GAB,Paleartic,227,0.00075639255,0.007123781,0.006597574,0.00655478,0.01994735,0.0075041824,0.89914906,0.00021602435
231,28.950014,-2.349986,Bushenyi Forest,,ZAR,Paleartic,1488,0.00034927228,0.0073935417,0.0067807403,0.006733665,0.0069277235,0.008638513,0.8623894,0.00016987468
232,29.333319,-2.500014,Nyungwe Forest,,RWA,Paleartic,2411,0.00053031463,0.009056532,0.007901023,0.007943092,0.009954879,0.011015914,0.8673227,0.00032381483
233,28.833319,-2.049986,Kahuzi-Biega Mountains,,ZAR,Paleartic,2530,0.000311511,0.007874795,0.0070008337,0.0070763906,0.009279111,0.0077379094,0.8606384,0.0002557657
234,29.083319,-2.116681,Shushu,,ZAR,Paleartic,2094,0.00030562642,0.007003649,0.0067631425,0.0067775045,0.008242435,0.006338646,0.8518888,0.00010144601
235,28.916681,-1.950014,Mitumba,,ZAR,Paleartic,1786,0.000311511,0.007874795,0.0070008337,0.0070763906,0.010019779,0.0077379094,0.8606384,0.0002557657
236,29.439847,-1.772542,Giswati Forest,,RWA,Paleartic,2690,0.000511405,0.008209183,0.007383333,0.0073880763,0.010358185,0.007989475,0.86855906,0.00022020732
237,29.533319,-1.966681,Mukura Forest,,RWA,Paleartic,2455,0.0005893357,0.00905811,0.008215449,0.008217962,0.0113594,0.010162733,0.8641694,0.00030052973
238,11.883319,-1.616681,Monts du Chaillou,,GAB,Paleartic,818,0.00054485747,0.00603042,0.0057193455,0.005718541,0.016426232,0.0066867066,0.8663231,0.00015422177
239,29.233347,-1.466681,Virunga Volcanoes,,ZAR,Paleartic,2267,0.0004884493,0.008814069,0.007176082,0.007205962,0.010828092,0.008325666,0.875903,0.0002506875
240,29.700014,-1.033319,Bwindi Forest,,UGA,Paleartic,1930,0.00038664063,0.0083699655,0.0069137486,0.0070061143,0.011588818,0.00918804,0.86506367,0.00030280798
241,29.416681,-0.166681,Mount Tshiaberimu,,ZAR,Paleartic,2718,0.00044892766,0.007519401,0.006629451,0.0067133275,0.008731527,0.007777812,0.8597958,0.00021468094
242,29.950014,0.249986,Rwenzori Mountains,,UGA,Paleartic,2443,0.00034774642,0.008036417,0.0071659163,0.007251347,0.011613859,0.009052392,0.86493415,0.00025013724
243,10.600014,0.583319,Monts de Christal,,GAB,Paleartic,513,0.000570942,0.0059792083,0.0057616425,0.005783138,0.012599872,0.0066851326,0.8567039,0.00013231763
244,29.833319,0.499986,Rwenzori Mountains,,ZAR,Paleartic,1956,0.00046907534,0.008419701,0.0070634466,0.0070786974,0.010156949,0.008388754,0.8580613,0.00014039247
245,13.199986,1.116681,Monts de B‚linga,,GAB,Paleartic,770,0.00042625554,0.006568493,0.006477244,0.006533834,0.012105495,0.006946042,0.8257048,0.00018389986
246,34.549986,1.249986,Mount Elgon Forest,,UGA,Paleartic,3393,0.00059010263,0.008643752,0.008442899,0.008756757,0.01761236,0.016317246,0.89597213,0.0003931713
247,46.916681,-22.200014,Andringitra Massif,,MDG,Paleartic,2385,0.00076947105,0.006270319,0.006215653,0.0063147,0.016461432,0.0083240345,1.2643707,0.00020852344
248,33.049986,-19.783319,Chimanimani Mountains,,MOZ,Paleartic,1944,0.001125004,0.007299487,0.007480721,0.007909986,0.026832545,0.011216297,1.0220207,0.0003672857
249,34.049986,-18.450014,Mount Gorongosa,,MOZ,Paleartic,1597,0.0008492045,0.007357804,0.0076051797,0.008119402,0.025974046,0.011221477,1.0549487,0.0004174536
250,47.299986,-18.833319,Ankaratra Massif,,MDG,Paleartic,1286,0.00067171466,0.005918654,0.0061507104,0.0063783783,0.013628443,0.008321823,1.0922014,0.0005135328
251,35.733347,-16.500014,Mount Chiperone,,MOZ,Paleartic,1204,0.0007511128,0.008410488,0.008055179,0.008282691,0.0250437,0.011371513,0.9970242,0.00036526716
252,35.583319,-16.000014,Mulanje Mountain,,MWI,Paleartic,1563,0.00079931336,0.00745715,0.0068330797,0.007061606,0.021519056,0.011262958,0.9591336,0.00031000242
253,37.004819,-15.348875,Namuli Massif,,MOZ,Paleartic,1444,0.00066907465,0.0070331385,0.0065733367,0.006726493,0.019566532,0.0100376485,0.97182995,0.00032163662
254,34.349986,-14.333319,Dedza Mountain,,MWI,Paleartic,1589,0.000663441,0.007598131,0.006757028,0.0069865207,0.014719053,0.009483408,0.8996364,0.0002869437
255,34.249986,-14.466681,Mount Domue,,MOZ,Paleartic,1524,0.00074949104,0.0076475455,0.006724807,0.0069882823,0.0134561425,0.010600532,0.8871257,0.00029044462
256,49.249986,-14.433347,Massif du Marojejy,,MDG,Paleartic,1770,0.0005516614,0.0059201554,0.005774311,0.0058368947,0.02802956,0.007835874,1.0119889,0.00031200136
257,48.849986,-13.949986,Massif du Tsaratanana,,MDG,Paleartic,1229,0.00040690973,0.005842073,0.006068645,0.0059815394,0.030187791,0.007453202,0.93379074,0.00019032737
258,33.831708,-10.584486,Nyika Plateau,,MWI,Paleartic,2316,0.00062102475,0.0070388187,0.006088334,0.0062402375,0.012629029,0.006319991,0.83221745,0.00019558727
259,-79.366681,-4.783319,Lagunillas,,ECU,Neotropic,2739,0.0005575627,0.009238089,0.007369115,0.0074430355,0.011903167,0.0070703663,0.5610831,0.00024259376
260,-78.333347,0.600014,Intag,,ECU,Neotropic,2549,0.0009627428,0.008185111,0.008638881,0.0088021485,0.0129336305,0.007562596,0.5238223,0.00020061631
261,-78.416653,0.583319,Cotacachi-Cayapas,,ECU,Neotropic,3265,0.0009627428,0.008185111,0.008638881,0.0088021485,0.01846989,0.007562596,0.5238223,0.00020061631
262,9.166681,4.116681,Mount Cameroon,,CMR,Paleartic,1452,0.00070368743,0.006070648,0.00595638,0.0060071135,0.027886387,0.0053525725,0.8489751,0.00018231815
263,9.100014,4.833319,Rumpi Hills,,CMR,Paleartic,227,0.00073686807,0.006315653,0.006071991,0.006208243,0.020380871,0.005516601,0.85590553,0.00020943035
264,9.850014,5.016681,Mount Manenguba,,CMR,Paleartic,2200,0.0006277664,0.0070748394,0.006873536,0.007051518,0.018037604,0.005518943,0.83476454,0.00022963983
265,9.916681,4.883319,Mount Nlonako,,CMR,Paleartic,592,0.00067419704,0.007016436,0.006840909,0.007000932,0.0215137,0.0053490754,0.830652,0.00023084697
266,9.701097,4.797208,Mount Kup‚,,CMR,Paleartic,1932,0.00066764286,0.007060239,0.0068861223,0.0070501594,0.021046786,0.0053348723,0.8327342,0.00023153517
267,10.533319,6.199986,Mount Kilum/Idjim,,CMR,Paleartic,2698,0.00041530718,0.007682986,0.0074694506,0.0076649766,0.011260273,0.014216253,0.86648923,0.0002072193
268,10.083319,5.666681,Bamboutos Forests,,CMR,Paleartic,2132,0.0004871379,0.0074696923,0.0073926537,0.0075753382,0.009232638,0.010214632,0.8583324,0.00019668594
269,-8.459819,7.554514,Mount Nimba,,CIV,Paleartic,736,0.00069183233,0.0058171568,0.005290097,0.005431928,0.0115116695,0.01255818,0.89836735,0.00021228312
270,12.149986,7.266681,Tchabal Mbabo,,CMR,Paleartic,1846,0.00035555867,0.0076583857,0.0071700504,0.007307186,0.008815698,0.015163046,0.8984561,0.00019051574
271,13.833319,8.499986,Hoséré Vokré,,CMR,Paleartic,299,0.00017198164,0.008578446,0.008153841,0.008282756,0.009783823,0.014967038,1.0234426,0.00030746072
272,9.249986,6.499986,Obudu Plateau,,NGA,Paleartic,732,0.0005950945,0.008285279,0.007899789,0.008212776,0.014079796,0.017868126,0.88595074,0.0002721563
273,11.833319,8.333319,Mambilla Plateau,,NGA,Paleartic,478,0.0003380176,0.008313038,0.007827743,0.007929988,0.008487255,0.018369291,0.9406197,0.00020061764
274,8.899986,9.949986,Jos Plateau,,NGA,Paleartic,1176,0.00027911938,0.008655296,0.00786403,0.007932758,0.005400981,0.018791625,0.89842963,0.00022940243
275,14.566653,-12.216681,Mount Môco,,AGO,Paleartic,1115,0.0008555766,0.0074312952,0.0065426324,0.006554726,0.012189815,0.01332283,0.82534415,0.00039299086
276,14.149986,-10.699986,Vila Nova do Seles Forest,,AGO,Paleartic,148,0.0013792667,0.009801169,0.008208352,0.00827383,0.010046959,0.012203359,0.85207886,0.00045138624
277,14.166681,-10.550014,Conda Forest,,AGO,Paleartic,169,0.001385536,0.0102404505,0.00844945,0.008593873,0.010120855,0.012818938,0.85816944,0.00053049094
278,14.199986,-10.466681,Assango Forest,,AGO,Paleartic,69,0.001385536,0.0102404505,0.00844945,0.008593873,0.009841741,0.012818938,0.85816944,0.00053049094
279,14.183347,-10.416681,Gabela Forest,,AGO,Paleartic,102,0.0013438192,0.010672579,0.008844337,0.009037086,0.009558231,0.013026182,0.8683457,0.0005229168
280,14.116681,-10.100014,Mumbondo Forest,,AGO,Paleartic,89,0.0012213847,0.011677496,0.009715495,0.009945292,0.009325249,0.013192419,0.8895108,0.00044873776
281,6.583319,0.266681,Pico de Sao Tomé,,STP,Paleartic,1225,0.00075717445,0.0075016455,0.0074432134,0.0075392737,0.02852063,0.0067876116,0.9056811,4.6331143E-09
282,-76.000014,1.566681,Cueva de los Guácharos,,COL,Neotropic,1037,0.00060539343,0.008128181,0.007578106,0.00770681,0.019285092,0.005869866,0.7842226,0.00033516527
283,-76.516681,2.150014,Puracé,,COL,Neotropic,3418,0.00079814077,0.007654196,0.0093659945,0.009406001,0.018454116,0.007069062,0.61506325,0.0004382063
284,-76.949986,2.549986,Munchique,,COL,Neotropic,2144,0.0009888974,0.0069060978,0.008475677,0.0087482305,0.034263793,0.0065990225,0.5455984,0.00014081004
285,-73.918597,2.748847,Sierra de la Macarena,,COL,Neotropic,386,0.000729872,0.006410552,0.0066772033,0.0068818172,0.020435575,0.009278578,0.8667119,0.00022348909
286,-76.766681,3.200014,Los Farallones de Cali,,COL,Neotropic,2157,0.000830229,0.007250443,0.00913369,0.009223343,0.028762434,0.0068975757,0.53460896,0.00019737869
287,-76.235014,3.165819,Santa Helena,,COL,Neotropic,1225,0.0008893489,0.007844254,0.009790147,0.010087358,0.019837677,0.007493472,0.5319345,0.00026420318
288,-75.966681,2.983319,Nevado de Huila,,COL,Neotropic,3896,0.0007462149,0.006592022,0.007910743,0.007973418,0.021519212,0.0070437444,0.6638379,8.7160755E-05
289,-76.800014,3.499986,Cerro de San Antonio,,COL,Neotropic,1536,0.0008745291,0.0072731967,0.008997704,0.009162787,0.018572776,0.007214502,0.5842071,7.6369295E-05
290,-75.467486,4.615569,Alto Quind¡o,,COL,Neotropic,3246,0.0010851785,0.0072337072,0.008624544,0.0085617015,0.018315045,0.006850575,0.5923869,0.00024088187
291,-73.800014,4.283319,Monterredondo,,COL,Neotropic,2165,0.0005836778,0.0070317164,0.0078088157,0.007958521,0.022521557,0.009219017,0.7348052,0.00040264704
292,-73.744153,4.543597,Páramo de Chingaza,,COL,Neotropic,3170,0.0006725962,0.0067228447,0.0075595784,0.0076315007,0.018133406,0.006788557,0.73813444,0.00024959497
293,-76.498958,4.763708,Cerro del Torré,,COL,Neotropic,2079,0.0015845336,0.00812423,0.009564015,0.009787714,0.038022958,0.007313924,0.7685769,5.8561072E-05
294,-76.199986,4.866681,Alto de los Galápagos,,COL,Neotropic,1181,0.00084511476,0.008192847,0.009583524,0.009746434,0.023771662,0.00686157,0.56994855,7.155144E-05
295,-76.083347,4.983319,Cerro Tatamá,,COL,Neotropic,2423,0.0006766891,0.007876941,0.00914088,0.009289351,0.024826411,0.006429233,0.56103283,9.328363E-05
296,-75.599986,4.633319,Ucumarí,,COL,Neotropic,1771,0.0011280997,0.007231911,0.0086110765,0.008597525,0.022287905,0.006377512,0.532986,0.000233973
297,-75.500014,5.082208,Río Blanco Watershed,,COL,Neotropic,2184,0.0011156454,0.007510067,0.00848359,0.008610372,0.020979924,0.006724742,0.53324646,0.00014692728
298,-75.449986,4.766681,Los Nevados,,COL,Neotropic,4118,0.00091612095,0.0069251936,0.007993614,0.007959498,0.018275257,0.0061359084,0.554123,0.00012737923
299,-73.667514,4.831403,Valle de Jesús forest,,COL,Neotropic,1780,0.0006437282,0.0073216935,0.007959007,0.008169926,0.015756859,0.0073365774,0.7308868,0.00036453694
300,-76.001125,5.384736,Alto de Pisones,,COL,Neotropic,695,0.0008162478,0.0081942165,0.009169317,0.009405227,0.02703316,0.0063702893,0.537024,0.00019212415
301,-73.433347,5.900014,Cerro Carare,,COL,Neotropic,2847,0.0007971771,0.009844904,0.010562603,0.010928028,0.018479357,0.008441067,0.58781475,0.00047301876
302,-72.349986,6.400014,Sierra Nevada del Cocuy,,COL,Neotropic,4002,0.0004265215,0.008507556,0.0089227045,0.008869196,0.014772207,0.008196685,0.7513357,0.00023208506
303,-76.150014,6.650014,Las Orquídeas,,COL,Neotropic,2592,0.0008795134,0.009479043,0.009548761,0.009873714,0.021549381,0.0071940077,0.5354224,0.00020424623
304,-73.416653,6.783319,Cuchilla del Ramo,,COL,Neotropic,1768,0.000977804,0.008893076,0.010051595,0.010231649,0.014770212,0.007554324,0.5137401,0.00017943159
305,-72.433347,7.400014,Páramo de Tamá,,COL,Neotropic,2871,0.00067918777,0.009676481,0.009280272,0.009421763,0.019355802,0.010422032,0.62516534,0.00027239998
306,-72.916653,10.483319,Cerro Pintado,,COL,Neotropic,2306,0.0009035456,0.011580981,0.011396537,0.011752835,0.020880805,0.011855576,0.5194277,0.00045758896
307,-73.644458,10.986236,Sierra Nevada de Santa Marta,,COL,Neotropic,1896,0.0006237849,0.009190838,0.008250426,0.008310434,0.06393799,0.010186275,0.49663198,0.0002621975
308,-71.333347,12.149986,Serranía de Macuira,,COL,Neotropic,410,0.0005826001,0.0067638634,0.006632637,0.006687243,0.015728291,0.007311736,0.87648356,0.00029475195
309,-102.599986,19.216681,"Sierra de Manantlán, Jalisco-Colimba",,MEX,Neotropic,483,0.00034567705,0.009365687,0.009252406,0.009365745,0.008134994,0.012568778,0.7731709,0.00035778785
310,148.066653,-9.500014,Mount Obree,,PNG,Australasia,2439,0.0010879873,0.012040651,0.011304331,0.01116397,0.0357035,0.012433806,1.3045805,0.0005434639
311,149.600014,-10.083319,Mount Simpson,,PNG,Australasia,1235,0.0007799254,0.011205342,0.010425609,0.010472692,0.04035214,0.014159145,1.4226304,0.0004253646
312,149.249986,-9.833319,Mount Dayman,,PNG,Australasia,2317,0.0007656974,0.009575428,0.00882297,0.00878048,0.038110506,0.014628007,1.2906185,0.00042357756
313,148.883319,-9.816653,Mount Suckling,,PNG,Australasia,1674,0.0009065358,0.009646467,0.0089379065,0.008921736,0.038265534,0.015470553,1.346596,0.00043680397
314,147.533347,-8.866681,Mount Victoria,,PNG,Australasia,3398,0.0014587294,0.010738629,0.010022444,0.010036723,0.02817105,0.0065585733,1.3132414,0.0004747064
315,147.333319,-8.883319,Mount Albert Edward,,PNG,Australasia,1053,0.0013083797,0.010616567,0.009986468,0.010022728,0.03051375,0.0076856115,1.4050708,0.00040923076
316,146.983347,-8.149986,Mount Saint Mary,,PNG,Australasia,2950,0.0009969155,0.0072918963,0.006694741,0.006916204,0.014972331,0.006670779,1.243057,0.00017795365
317,146.583319,-7.716681,Mount Lawson,,PNG,Australasia,1601,0.0011630818,0.0084797675,0.00798385,0.008346787,0.019322293,0.008482074,1.5690323,0.00016746086
318,146.583319,-7.449986,Mount Amungwiwa,,PNG,Australasia,2188,0.0009250465,0.007580038,0.007313881,0.0074530854,0.019070346,0.00861673,1.324095,0.00030210844
319,147.949986,-7.966681,Mount Strong,,PNG,Australasia,0,0.00049067626,0.0044919807,0.004139498,0.0041828775,0.029446019,0.0081790285,1.3337644,0.00033465607
320,144.033347,-6.266681,Mount Ialibu,,PNG,Australasia,2292,0.00079932896,0.007381528,0.0070918156,0.0075057475,0.015827397,0.008871082,1.3240445,0.00016187718
321,143.899986,-6.099986,Mount Giluwe,,PNG,Australasia,2985,0.00085490046,0.00642834,0.006297001,0.006545557,0.03422666,0.008149478,1.2297093,0.00016882332
322,145.083319,-6.616681,Crater Mount,,PNG,Australasia,2038,0.0011197847,0.007900335,0.007662935,0.008046669,0.018526748,0.007889201,1.3723108,0.00016091761
323,145.333319,-6.416681,Mount Michael,,PNG,Australasia,2860,0.0010819671,0.0065078135,0.0063563026,0.0065798885,0.014246,0.0065619084,1.253696,0.00022090024
324,144.716653,-6.166681,Mount Kubor,,PNG,Australasia,2366,0.00091903744,0.007213332,0.006888811,0.007374823,0.017126495,0.00787763,1.3227845,0.000113900554
325,145.866681,-7.016681,Mount Yelia,,PNG,Australasia,2203,0.00068941404,0.006077129,0.0058359304,0.005990443,0.016612371,0.008425934,1.2279533,0.0002356763
326,145.999986,-6.750014,Mount Piora,,PNG,Australasia,3288,0.0007897025,0.005127718,0.0048688226,0.0049320455,0.022275593,0.008585498,1.1606036,0.00033460613
327,147.083319,-6.283319,Mount Bangeta,,PNG,Australasia,3711,0.0011090871,0.0053716954,0.005103754,0.005082935,0.02903188,0.009654633,1.1270713,0.00027151578
328,143.749986,-5.783319,The Sugarloaf,,PNG,Australasia,3067,0.00063755846,0.005007135,0.005341144,0.0054446002,0.023234306,0.007855888,1.1723225,0.00014861891
329,143.749986,-6.000014,Mount Kerewa,,PNG,Australasia,2233,0.0007773555,0.006431995,0.00623948,0.0065124645,0.012952052,0.008118781,1.2438558,0.00014454439
330,143.716653,-5.900014,Doma Peaks,,PNG,Australasia,3013,0.0007050483,0.005889412,0.0058077523,0.0060251015,0.017434588,0.007878274,1.218052,0.00013047247
331,144.083319,-5.750014,Mount Haagen,,PNG,Australasia,2829,0.0005986462,0.005014243,0.005473354,0.0054712645,0.024202403,0.0071178903,1.1396759,0.00013581154
332,145.466653,-5.983319,Mount Otto,,PNG,Australasia,2920,0.0007420797,0.0054884236,0.0054173116,0.005559086,0.05853929,0.0072813425,1.1347903,0.00039751414
333,144.983347,-5.900014,Mount Herbert,,PNG,Australasia,2699,0.0006714842,0.0051701106,0.005100188,0.005160077,0.01907893,0.006386718,1.1652147,0.00013185888
334,144.983347,-5.766681,Mount Wilhelm,,PNG,Australasia,3534,0.0006414469,0.004830765,0.0047754175,0.0047403476,0.038738206,0.005849823,1.1301826,9.418259E-05
335,103.516681,2.033319,Gunung Belumut,,MYS,Indomalayan,87,0.0005894197,0.0073852995,0.007216381,0.0072967345,0.029690236,0.0061624367,1.3544363,0.00046061468
336,110.333347,1.733319,Gunung Santubong,,MYS,Indomalayan,610,0.0007891307,0.0044717793,0.005187269,0.0052343775,0.031701274,0.004797787,1.3912611,0.00011312612
337,111.999986,1.416681,Bukit Lanjak,,MYS,Indomalayan,385,0.00079917454,0.0040884404,0.0047907927,0.004930871,0.023942763,0.005797479,1.348182,0.00019768205
338,112.984625,1.431042,Gunung Lawit,,MYS,Indomalayan,806,0.000774121,0.004091843,0.004874596,0.0049996222,0.024292467,0.0059202616,1.3381271,0.00017779591
339,102.599986,2.366681,Mount Ophir,,MYS,Indomalayan,862,0.000727977,0.010188971,0.010880588,0.011255863,0.019402878,0.0060719466,1.3109177,0.0009820501
340,102.066653,2.833319,Gunung Telapak Burok,,MYS,Indomalayan,1012,0.0011981281,0.009559139,0.010530033,0.010964985,0.015315968,0.005702604,1.2769836,0.0006165494
341,104.166653,2.766681,Gunung Kajang,,MYS,Indomalayan,421,0.0003053953,0.0064005037,0.0064160107,0.0064787827,0.027812656,0.0050165206,1.4051168,4.633115E-09
342,114.866681,2.583319,Bukit Batu Bora,,MYS,Indomalayan,1457,0.00075555814,0.006435291,0.0067680585,0.0070462064,0.031028615,0.0045641,1.3188484,0.00020370017
343,114.650014,2.916681,Bukit Kenawang,,MYS,Indomalayan,1104,0.0007666294,0.006409418,0.0067845006,0.0070650843,0.02360686,0.0051220865,1.3308071,0.00018914798
344,114.566653,2.900014,Bukit Batu Mabun,,MYS,Indomalayan,670,0.0007944736,0.0062663765,0.0066972305,0.0069411662,0.021652294,0.005444326,1.3324336,0.00018167446
345,102.083347,3.833319,Gunung Benom,,MYS,Indomalayan,1706,0.0013762016,0.012333577,0.014043859,0.014848926,0.02330619,0.0067696916,1.2798302,0.00071374245
346,101.883319,3.383319,Gunung Bunga Buah,,MYS,Indomalayan,268,0.0015411177,0.012313847,0.013881195,0.014594598,0.017789489,0.0072515695,1.2689097,0.00089124875
347,101.300014,4.833319,Gunung Korbu,,MYS,Indomalayan,1187,0.0012077081,0.0099193705,0.012314732,0.013127705,0.028657569,0.008839461,1.2467422,0.0006678618
348,100.783319,4.900014,Bukit Larut/Maxwell Hill,,MYS,Indomalayan,471,0.00093870395,0.007639361,0.01031901,0.010842447,0.037073117,0.006665733,1.2476997,0.0005361567
349,101.499986,4.499986,Cameron Highlands,,MYS,Indomalayan,1120,0.0015496572,0.010298618,0.012102072,0.012696223,0.02634598,0.0068972376,1.2698356,0.0005487586
350,102.283319,4.566681,Gunung Tahan,,MYS,Indomalayan,776,0.0012221409,0.012610039,0.014592123,0.01549291,0.03834093,0.0069103013,1.2755433,0.0006121083
351,114.883319,4.166681,Gunung Benarat,,MYS,Indomalayan,124,0.000722127,0.006083839,0.0066229627,0.0068331654,0.02042649,0.006594364,1.3841243,0.00023575424
352,118.166653,4.966681,Gunung Silam,,MYS,Indomalayan,617,0.00067905476,0.0068673487,0.007992898,0.008319703,0.035396785,0.004453127,1.5427332,0.00065244705
353,100.433347,5.783319,Kedah Peak,,MYS,Indomalayan,915,0.00076067535,0.007602526,0.010089192,0.010581852,0.030645385,0.0060616876,1.2401487,0.0005297378
354,116.483319,5.566681,Gunung Trus Madi,,MYS,Indomalayan,1614,0.0014428606,0.00869912,0.010235593,0.010960845,0.03422473,0.0076017315,1.4042336,0.00094108767
355,116.499986,5.999986,Mount Kinabalu,,MYS,Indomalayan,1198,0.001484388,0.010397285,0.011464033,0.0122189615,0.03210655,0.007846949,1.4048605,0.00091879745
356,116.133319,5.550014,Crocker Range,,MYS,Indomalayan,1123,0.0013521108,0.008463737,0.009633114,0.01024197,0.03116353,0.0056063673,1.3773056,0.0006553446
357,125.266681,6.983319,Mount Apo,,PHL,Indomalayan,2596,0.00061551324,0.009705808,0.00963482,0.010266615,0.07598652,0.007879902,1.5240957,0.00069354294
358,-8.466681,7.533319,Mount Nimba,,LBR,Paleartic,463,0.00069183233,0.0058171568,0.005290097,0.005431928,0.012307041,0.01255818,0.89836735,0.00021228312
359,-8.466681,7.566681,Mount Nimba,,GIN,Paleartic,1024,0.00069183233,0.0058171568,0.005290097,0.005431928,0.0115116695,0.01255818,0.89836735,0.00021228312
360,123.666653,8.199986,Mount Malindang,,PHL,Indomalayan,1612,0.00074558606,0.006780768,0.007378024,0.0078222165,0.07939743,0.0054869796,1.6047021,0.0006924729
361,124.499986,7.683319,Mount Ragang,,PHL,Indomalayan,2535,0.00079484645,0.008344827,0.008621502,0.009174473,0.07450638,0.0074248724,1.4900777,0.0005448731
362,124.916653,8.116681,Mount Kitanglad,,PHL,Indomalayan,2758,0.0006741007,0.007164711,0.0075038075,0.008048939,0.055865604,0.0076817516,1.5447807,0.00073697563
363,-10.783319,8.949986,Sankan Biriwa,,SLE,Paleartic,709,0.00084076385,0.0069583347,0.0063986406,0.0066579524,0.014258276,0.013578085,0.8945571,0.00028555017
364,-11.149986,9.199986,Mount Bintumani,,SLE,Paleartic,1099,0.00077592785,0.0071939863,0.0067232973,0.007005244,0.015403431,0.01421277,0.8968768,0.00026903488
365,117.716681,8.850014,Mount Mantalingajan,,PHL,Indomalayan,933,0.00047575665,0.0056671053,0.006127907,0.006413012,0.02497771,0.0035205919,1.6463389,0.00055706414
366,123.466681,8.249986,Mount Dapiak,,PHL,Indomalayan,342,0.00087703334,0.007730478,0.008388842,0.008885962,0.061233904,0.005528799,1.5828556,0.00060019636
367,77.199986,10.133319,Anamalai Hills,,IND,Indomalayan,1818,0.00042479928,0.0070485817,0.0071551623,0.007170306,0.028434506,0.009040128,1.2529507,0.0002960551
368,77.383319,10.233319,Palni Hills,,IND,Indomalayan,2222,0.0004895958,0.006766813,0.00682855,0.0068913964,0.026668943,0.010033485,1.2718436,0.00035450293
369,119.033319,10.166681,Cleopatra Needle,,PHL,Indomalayan,783,0.00057047553,0.005635088,0.006114132,0.0062218383,0.03686484,0.004193743,1.7084277,0.0006894636
370,118.266681,9.350014,The Teeth,,PHL,Indomalayan,797,0.00051075715,0.006516548,0.007009673,0.007256977,0.03084505,0.00468057,1.6746377,0.0010646484
371,123.166653,10.433347,Mount Canlaon,,PHL,Indomalayan,1509,0.00075554807,0.008083794,0.008602008,0.009057242,0.064038716,0.0050014495,1.7012392,0.0007347982
372,124.683347,11.116681,Mount Tinagan,,PHL,Indomalayan,794,0.0005978109,0.0063372967,0.0068185036,0.0072687655,0.07591405,0.006175542,1.806768,0.00081638247
373,124.800014,10.999986,Mount Lobi,,PHL,Indomalayan,773,0.00069022266,0.0056342054,0.006038176,0.00637978,0.045184623,0.00599295,1.8121076,0.0007228969
374,76.733319,11.366681,Nilgiri Hills,,IND,Indomalayan,1966,0.0004962045,0.006918638,0.0071349866,0.0071362588,0.019965021,0.01157699,1.2453429,0.00033299485
375,104.199792,12.042875,Phnom Aural,,KHM,Indomalayan,1240,0.0005382711,0.012613536,0.013166415,0.0136721935,0.024434656,0.0070774965,1.3831444,0.0005312761
376,108.416653,11.933347,Mount Lang Bian,,VNM,Indomalayan,1525,0.0007054,0.008732979,0.008302747,0.00878673,0.028235674,0.009053178,1.5022123,0.0003828776
377,122.150014,11.383319,Mount Baloy,,PHL,Indomalayan,1240,0.00088262686,0.007818916,0.008060751,0.008635116,0.06788234,0.005461273,1.7050633,0.00058202865
378,121.166653,12.833319,Mount Baco,,PHL,Indomalayan,1794,0.0007509508,0.0065491283,0.006800485,0.007160549,0.0370256,0.0060400977,1.6999933,0.0006589409
379,121.249986,12.583319,Mount Iglit/Mangibok,,PHL,Indomalayan,779,0.0006170041,0.0065075303,0.0069126156,0.0071939635,0.036692888,0.007133082,1.7413383,0.0006464194
380,121.150014,13.283319,Mount Halcon,,PHL,Indomalayan,23,0.0008745279,0.00562344,0.005910079,0.0061499877,0.048179753,0.0059912023,1.738975,0.0005038902
381,122.550014,12.399986,Mount Guiting-Guiting,,PHL,Indomalayan,560,0.00052115874,0.0055194125,0.005518495,0.0056418795,0.042701818,0.005373964,1.8257213,4.6331112E-09
382,123.699986,13.266681,Mount Mayon,,PHL,Indomalayan,1220,0.0006765737,0.0057699215,0.0060830116,0.006424747,0.06882922,0.0072924276,1.8425635,0.00068352104
383,124.050014,12.800014,Mount Bulusan,yes,PHL,Indomalayan,457,0.00068596547,0.004870445,0.005168409,0.005418269,0.04447745,0.006314215,1.8529149,0.00045344068
384,121.199986,14.133319,Mount Makiling,yes,PHL,Indomalayan,943,0.0005936798,0.00710462,0.007487259,0.007865327,0.03717595,0.0073129195,1.7543802,0.00060415594
385,123.383319,13.666681,Mount Isarog,,PHL,Indomalayan,1932,0.0006387303,0.0063315015,0.006674156,0.0070400755,0.05088187,0.0067119165,1.8255025,0.0005974626
386,121.499986,14.433347,Mounts Banahaw and San Cristobal,,PHL,Indomalayan,463,0.00082889304,0.006035117,0.006473402,0.0067355577,0.044903405,0.00785972,1.786379,0.00055545894
387,120.949986,18.033319,Sicapoo,,PHL,Indomalayan,1754,0.00094837404,0.008203297,0.008765249,0.009085879,0.029340778,0.0072584087,1.6678402,0.00047178112
388,120.900014,16.683319,Mount Tabayoo,,PHL,Indomalayan,2126,0.0008450823,0.006630976,0.0068669138,0.0071648,0.033485834,0.006468061,1.6410854,0.0004811224
389,120.999986,17.483347,Mount Sapocoy,,PHL,Indomalayan,1690,0.00075196323,0.007479938,0.008016549,0.008342886,0.04100117,0.0072261062,1.6626347,0.00034059846
390,120.883319,16.600014,Mount Pulog,,PHL,Indomalayan,2322,0.0008450823,0.006630976,0.0068669138,0.0071648,0.026799424,0.006468061,1.6410854,0.0004811224
391,120.883319,17.166681,Mount Data,,PHL,Indomalayan,2223,0.00065514393,0.00654973,0.006777081,0.0069451923,0.02939389,0.007045295,1.6737657,0.00040413512
392,122.266681,17.016653,Mount Palanan,,PHL,Indomalayan,838,0.00096362963,0.0075111277,0.008052269,0.008329085,0.044852253,0.007345304,1.7721162,0.00048030887
393,145.866681,-17.716681,Mount Bellenden Ker MCF,yes,AUS,Australasia,79,0.0014269907,0.011562611,0.011965583,0.011937018,0.017015638,0.015655505,1.4864764,0.00044546422
394,145.800014,-17.583319,Mount Bartle Frere MCF,yes,AUS,Australasia,467,0.001504985,0.011666446,0.0119939875,0.011955987,0.061451443,0.01609842,1.4554875,0.00043643938
395,8.550014,3.333319,Gran Calera de Luba,,GNQ,Paleartic,1298,0.00089849724,0.0053704404,0.0053611,0.0053584655,0.027679022,0.005515259,0.87514544,3.609891E-05
396,8.633319,3.333319,Pico Biao,,GNQ,Paleartic,1482,0.00085837697,0.005672727,0.00562649,0.0056340722,0.026567027,0.0054457546,0.86412835,7.789814E-05
397,8.766681,3.583319,Pico Basile,,GNQ,Paleartic,2760,0.00066998746,0.0059097996,0.005796394,0.005809422,0.024563046,0.005395853,0.8551256,0.00012814511
398,29.513569,-1.460042,Volcans,,RWA,Paleartic,2610,0.0005970851,0.008822676,0.007344007,0.0073764343,0.011516398,0.009688469,0.87991023,0.00034630837
399,118.300014,9.384708,Victoria Peak,,PHL,Indomalayan,940,0.00050105195,0.006787233,0.0071216943,0.007408245,0.029510686,0.004779151,1.670461,0.00077952526
400,150.283042,-9.333319,Goodenough Island,,PNG,Australasia,720,0.0010242807,0.004366162,0.004156827,0.004191836,0.048391856,0.013272415,1.3171492,0.000398464
401,150.549597,-9.433569,Fergusson Island,,PNG,Australasia,1602,0.0007673328,0.005624946,0.005535135,0.005826582,0.052053317,0.010292624,1.351789,4.078717E-06
402,141.300625,-5.101153,Mount Aiyang,,PNG,Australasia,2822,0.00053531263,0.006727793,0.0056432895,0.0057626977,0.015039718,0.008622393,1.3052336,0.0001593952
403,152.057653,-4.771347,New Britain Island,,PNG,Australasia,1598,0.0007208426,0.004327438,0.0042894953,0.0044071586,0.060359947,0.0071117473,1.1916673,0.0003264372
404,152.879625,-4.252014,New Ireland Island,,PNG,Australasia,1182,0.00059526745,0.0038429468,0.0037746849,0.0038717468,,0.0063420003,1.1555588,0.00027732528
405,114.918931,4.011319,Gunung Mulu,,MYS,Indomalayan,1127,0.0006996044,0.006023268,0.0063349623,0.006517474,0.019229127,0.006545165,1.3614684,0.0002311628
406,117.516986,4.965375,Gunung Lotong,,MYS,Indomalayan,735,0.0010130262,0.0064548505,0.007884326,0.008340949,0.040111538,0.004513085,1.5190353,0.00046969554
407,117.799514,4.816292,Segama Highlands,,MYS,Indomalayan,659,0.00079327147,0.0062104827,0.007466229,0.007860018,0.032971267,0.0045904825,1.5334517,0.00061426905
408,117.902069,4.400458,Tawau Highlands,,MYS,Indomalayan,363,0.0007971381,0.005810688,0.0074150804,0.0075949356,0.026763652,0.003924517,1.5302321,0.0005327065
409,-96.008431,17.140181,"Cempoaltépetl, Oaxaca",,MEX,Neotropic,3160,0.00068753323,0.009362466,0.008480133,0.008859424,0.021308282,0.008243404,0.9985998,0.00022227602
410,-91.753125,14.667986,Volcán San Pedro,,GTM,Neotropic,712,0.0005416816,0.007987953,0.008246206,0.00829549,0.036576807,0.007548511,0.60614926,0.00025793494
411,-91.812597,14.595125,Volcán Tolimán,,GTM,Neotropic,312,0.00051714614,0.007866295,0.0082573,0.00843314,0.03320833,0.0076885885,0.74974936,0.00027685784
412,113.999986,3.999986,Gunung Mulu,,MYS,Indomalayan,27,0.0008155978,0.005950413,0.0066499487,0.006821379,0.027996667,0.0057578846,1.4051154,0.00020904191
413,118.300014,12.050014,Victoria Peak,yes,PHL,Indomalayan,,0.0003286829,0.004814894,0.004810593,0.004753942,0.035343945,0.004847528,1.823244,4.6331134E-09
414,55.583319,-21.066681,Picon de Neiges,,REU,Paleartic,1623,0.00053902593,0.007826642,0.0066043637,0.0065937806,0.024637535,0.008140929,1.0756733,0.00018591768
415,55.666681,-21.216681,Picon de la Fournaise,,REU,Paleartic,2264,0.0005978789,0.008397905,0.0069729723,0.0069811014,0.019775126,0.008537099,1.0708207,0.00021433644
416,37.450014,-2.983319,Mount Kilimanjaro,,TZA,Paleartic,2617,0.00065424736,0.005274752,0.0050783367,0.005191681,0.023413349,0.010249766,0.8966077,0.00027748055
417,36.749986,-3.250014,Mount Meru,,TZA,Paleartic,4369,0.0008157774,0.007977767,0.008181675,0.00874404,0.028138163,0.01287047,0.9322935,0.0005543309
418,35.916681,-7.833319,Uzungwa Mountains,,TZA,Paleartic,2077,0.0008927381,0.0056278687,0.005554458,0.0057337238,0.018207507,0.008232308,0.8741402,0.00026044992
419,35.733347,-3.783319,Malundwe,,TZA,Paleartic,971,0.0007658176,0.010955115,0.011197323,0.011905125,0.017123701,0.015766932,0.9608373,0.0006629663
420,35.366681,-4.500014,Hanang,,TZA,Paleartic,1757,0.00080570416,0.0073915063,0.0077462173,0.008209273,0.016803743,0.011912216,0.90270275,0.0004716534
421,35.499986,-3.166681,Ngorongoro,,TZA,Paleartic,1749,0.000701457,0.0068083433,0.0066818376,0.006904707,0.017773181,0.011017005,0.8995068,0.0002776806
422,29.833319,-6.166681,Mahale Mountains,,TZA,Paleartic,2237,0.00022059666,0.0059607704,0.005932067,0.0059879483,0.011162073,0.0069246213,0.8612722,0.00016880948
423,38.258819,-4.695958,Usambara Mountains,,TZA,Paleartic,2091,0.0005862532,0.005887466,0.005835024,0.006066737,0.016286176,0.006512728,0.9154489,0.0003800915
424,37.499986,-0.166681,Mount Kenya,,KEN,Paleartic,2522,0.0006748534,0.005226063,0.0045884456,0.004644922,0.035236616,0.010687667,0.8995899,0.0003175101
425,36.933347,2.716681,Mount Kulal,,KEN,Paleartic,1783,0.0002934663,0.0076947506,0.007481459,0.0076715206,0.013461126,0.015118187,1.0521294,0.00068970537
426,37.999986,2.333319,Mount Marsabit,,KEN,Paleartic,1332,0.000612858,0.009506605,0.008443588,0.008856976,0.024656966,0.0145461215,1.0498565,0.00046708912
427,36.783319,1.183319,Karisia Hills,,KEN,Paleartic,1964,0.0006844955,0.007869454,0.0071554994,0.0075232666,0.013810257,0.015530054,0.93834865,0.000599188
428,37.433347,0.066681,Mount Mukogodo,,KEN,Paleartic,2800,0.00066732115,0.0058974717,0.0051767286,0.00533226,0.024744304,0.012002978,0.9097796,0.00043577817
429,36.683347,-0.416681,Aberdare Hills,,KEN,Paleartic,3200,0.0009838928,0.006302726,0.005777743,0.0058347117,0.02652356,0.012963567,0.8900991,0.00055515225
430,-65.500014,3.483319,Duida-Marahuaca,,VEN,Neotropic,1274,0.000752232,0.0067206486,0.007898191,0.0080122175,0.01730804,0.0051289797,0.7458078,0.00013864355
431,-66.666653,10.533319,El Avila,,VEN,Neotropic,1877,0.00073008816,0.0108854575,0.0087464545,0.008984596,0.021233303,0.010793135,1.0038431,0.00057954626
432,-70.166653,9.183347,Guaramacal,,VEN,Neotropic,1696,0.0007984349,0.011542816,0.00920044,0.009368172,0.015686333,0.014006073,0.7365401,0.00036301755
433,-67.849986,10.466681,Henri Pittier,,VEN,Neotropic,0,0.00035411582,0.008240852,0.007818171,0.007895315,0.016967423,0.007256077,1.0052778,0.00015149653
434,-65.883319,1.233319,La Neblina,,VEN,Neotropic,568,0.00061959744,0.006939774,0.007604388,0.007678695,0.012287518,0.0050273836,0.79254746,0.00012294063
435,-69.666653,11.166681,Sierra de San Luis,,VEN,Neotropic,1015,0.00078769657,0.013590959,0.011163777,0.011954646,0.025002968,0.014490073,0.80059415,0.00079563685
436,-64.000014,10.999986,Cerro El Copey,,VEN,Neotropic,125,0.0003301567,0.00853217,0.008428242,0.008592077,0.0073493584,0.006313005,1.1898643,1.05023E-05
437,-69.933347,11.816653,Cerro Santa Ana,,VEN,Neotropic,400,0.00045834677,0.008907414,0.007044843,0.00713872,0.01639512,0.010403091,0.9628878,0.0003142561
438,-63.599986,10.199986,El Gu charo (Cerro Negro),,VEN,Neotropic,1488,0.00083824055,0.01137638,0.008387364,0.008682737,0.01610703,0.009276159,1.0037029,0.00039802052
439,-62.000014,10.666681,Cerro Azul,,VEN,Neotropic,144,0.00021792614,0.0060879197,0.006107011,0.0061826743,0.013896932,0.0064007784,1.2174261,4.6331112E-09
440,-63.866681,10.116681,Cerro Turumiquire,,VEN,Neotropic,2329,0.0006959352,0.011390602,0.008116166,0.008415058,0.017817097,0.009911571,0.95718205,0.00043598487
441,-64.116681,10.183347,Cerro Peon¡a,,VEN,Neotropic,549,0.00058309553,0.011794754,0.009073295,0.009390361,0.02278224,0.012038807,0.88753325,0.0005587232
442,-69.266681,9.883319,Terepaima,,VEN,Neotropic,953,0.0007439658,0.012764707,0.00960265,0.009885237,0.016558075,0.013898622,0.7961077,0.00049251324
443,-69.533319,9.666681,Yacamb£,,VEN,Neotropic,668,0.0007444926,0.012032207,0.009296224,0.009573501,0.014231374,0.014748982,0.7491585,0.0004041229
444,-67.883319,10.366681,Palmichal,,VEN,Neotropic,1247,0.000508749,0.010957774,0.008583634,0.008674869,0.016014036,0.009557576,0.90635234,0.00034627077
445,-67.533319,9.883319,Cerro Platill¢n,,VEN,Neotropic,1357,0.0005742152,0.014109132,0.011218968,0.0116229765,0.015266424,0.016051145,0.80536425,0.0006684769
446,-67.316653,10.416681,Pico Codazzi,,VEN,Neotropic,1844,0.0005847619,0.011591043,0.0092733335,0.009486314,0.01817428,0.012254719,0.8547328,0.00051210535
447,-67.150014,10.366681,Macarao,,VEN,Neotropic,1903,0.00070886203,0.013554046,0.010089401,0.010484443,0.015424399,0.01558109,0.81315815,0.0006027186
448,-62.633319,10.683347,Cerro Humo,,VEN,Neotropic,503,0.00024314731,0.0066274498,0.0066739204,0.0067765093,0.023345573,0.0064338828,1.2215658,2.277853E-06
449,-60.783319,5.233319,Roraima,,VEN,Neotropic,994,0.0005647231,0.007470869,0.007614269,0.00789831,0.025400307,0.0060905414,0.82373476,0.0002816245
450,-60.966681,5.349986,Kukenan,,VEN,Neotropic,1532,0.00055335317,0.007828836,0.007958054,0.008329029,0.029787324,0.0062570316,0.8367418,0.00037839325
451,-61.783319,5.966681,Sierra de Lema,,VEN,Neotropic,1009,0.0007247073,0.008267532,0.008927765,0.009394516,0.034242116,0.0069376095,0.8439908,0.00042601078
452,-62.133319,5.383319,Chimanta,,VEN,Neotropic,1623,0.0005864316,0.0077767777,0.008493417,0.008721392,0.02568445,0.00666407,0.76952916,0.00029613063
453,-62.591097,5.824986,Auyan-Tepui,,VEN,Neotropic,1611,0.0007459946,0.0072519425,0.008279457,0.008560841,0.022514272,0.0076046195,0.76981884,0.00039778432
454,-72.250014,7.516681,El Tam ,,VEN,Neotropic,1325,0.00078983605,0.009264239,0.009030308,0.009210071,0.030989245,0.010539412,0.7271199,0.00021572631
455,-72.000014,7.900014,P ramos del Batall¢n y La Negra,,VEN,Neotropic,1289,0.0007544433,0.0094155725,0.010020773,0.010377208,0.026427025,0.012932583,0.64283437,0.0006133804
456,-71.083347,8.733319,Sierras de la Culata y Nevada,,VEN,Neotropic,2851,0.0008070137,0.011600415,0.009164291,0.009242806,0.016060296,0.0109356735,0.5927218,0.0002351369
457,-72.750014,10.066653,Sierra de Perij ,,VEN,Neotropic,1057,0.00097591255,0.010968658,0.010412421,0.010798692,0.030638492,0.01493179,0.52940077,0.0005276278
458,-66.483319,10.083319,Guatopo,,VEN,Neotropic,355,0.00082959124,0.012905478,0.008757525,0.009314196,0.02314781,0.012869255,0.97811896,0.00051191053
459,-68.000014,10.333319,San Esteban,,VEN,Neotropic,1528,0.00060560426,0.010408586,0.008116739,0.008219704,0.016305415,0.01002723,0.9061064,0.00034219172
460,-68.916653,10.399986,Hato Jaguar,,VEN,Neotropic,587,0.0009675173,0.014472405,0.011006388,0.011602298,0.0149279805,0.013095624,0.8815381,0.0005740485
461,-70.198347,9.501097,Sierra de Barbacoas,,VEN,Neotropic,2392,0.000874795,0.013400252,0.011241092,0.011795533,0.009692672,0.015703946,0.5525272,0.0007048368
462,-71.500014,8.499986,P ramos Molino y Rio Negro,,VEN,Neotropic,1346,0.00091157504,0.01206033,0.010772586,0.011057715,0.013472091,0.010337328,0.5201601,0.00041073657
463,-68.833347,10.416681,Sierra de Aroa,,VEN,Neotropic,944,0.0010014182,0.015138713,0.010713996,0.011298796,0.015920289,0.012612221,0.9826555,0.00062410516
464,34.506986,1.038736,Mount Elgon,,KEN,Paleartic,3376,0.00078444264,0.0073903822,0.007036068,0.007190551,0.015516326,0.014023895,0.9000853,0.00026542152
465,37.309708,1.286958,Mathews Range,,KEN,Paleartic,1536,0.0006439249,0.008817502,0.007883976,0.008278,0.019674588,0.014271053,0.99500585,0.00042167597
466,36.826375,2.171208,Mount Nyiro,,KEN,Paleartic,2796,0.00037453423,0.007578814,0.006989557,0.0072713303,0.016260382,0.014776898,1.0146865,0.0004911314
467,35.883625,-1.703264,Loita Hills,,KEN,Paleartic,2263,0.0006889776,0.011347248,0.010997544,0.011698031,0.020459626,0.019304886,0.9813568,0.0010266402
468,35.909014,-1.818764,Nguruman Escarpment,,KEN,Paleartic,2028,0.0006450872,0.012517661,0.012140487,0.012916446,0.021394476,0.02042423,1.0032594,0.0010430746
469,38.021319,0.374014,Ngaia Forest,,KEN,Paleartic,1357,0.00054961204,0.0069423546,0.0060085366,0.006427723,0.031870075,0.011488977,0.9735314,0.00043991214
470,37.939319,0.238042,Nyambeni Hills,,KEN,Paleartic,1631,0.0005725179,0.0068056355,0.0057417904,0.0061590876,0.04133769,0.011650791,0.95621103,0.0004376893
471,37.356069,0.216681,Ndare Ngare,,KEN,Paleartic,1753,0.00061516673,0.0067966217,0.0059448048,0.0062367865,0.018921997,0.013126036,0.92658997,0.0005710055
472,37.181708,1.831264,Ndoto Mountains,,KEN,Paleartic,852,0.000592579,0.00860146,0.0075628627,0.007884519,0.013974234,0.013643306,1.0000128,0.00041704837
473,-65.849903,-27.149903,La Florida Nature Park,,ARG,Neotropic,1880,0.00096190814,0.011592632,0.012589755,0.012688674,0.013649423,0.014548525,0.971178,0.00019679927
474,-65.488819,-24.681597,,,ARG,Neotropic,1600,0.0010508555,0.010637219,0.010959762,0.011168212,0.008070508,0.012415834,0.99571216,0.0002417635
475,-64.511125,-24.186208,,,ARG,Neotropic,2219,0.0012538376,0.012353493,0.012868656,0.0133826155,0.008079321,0.020404503,1.3153738,0.00046543227
476,-64.699875,-22.483097,Baritú National Park,,ARG,Neotropic,1406,0.000990872,0.009878018,0.010160221,0.010390788,0.009809343,0.010867549,1.0573392,0.00022178082
477,-61.230264,10.726931,Cerro del Aripo,,TTO,Neotropic,762,0.000223024,0.0062105767,0.006245764,0.006338156,0.024163455,0.006822255,1.2126851,0.00015790557
478,-61.700542,12.118875,Fedons Camp,,GRD,Neotropic,710,0.00019457974,0.0058431556,0.005866253,0.0059699896,0.02396533,0.0069468417,1.3015116,4.6331112E-09
479,-61.676097,12.162208,Mount St Catherine,,GRD,Neotropic,787,0.00019457974,0.0058431556,0.005866253,0.0059699896,0.02331565,0.0069468417,1.3015116,4.6331112E-09
480,-61.200014,13.215819,Grande Bonhomme,,VCT,Neotropic,590,0.00023321985,0.0060743373,0.0060849194,0.0062031304,0.028332077,0.007368131,1.3758616,4.6331112E-09
481,-87.818236,14.140986,Guajiquiro BiR,,HND,Neotropic,1925,0.0008609343,0.011173028,0.010630269,0.011035342,0.028374555,0.010625372,0.624422,0.0005668018
482,-87.089569,14.176764,La Tigra NP,,HND,Neotropic,2173,0.0006270878,0.010206873,0.009216995,0.009509734,0.028999865,0.011367323,0.7037692,0.0005510641
483,-61.201097,13.289986,Richmond Peak,,VCT,Neotropic,863,0.00021702133,0.0060536056,0.0060590655,0.006167684,0.032316703,0.007451864,1.3840653,4.6331112E-09
484,-61.012792,13.862014,Mount Gimie,,LCA,Neotropic,720,0.0002341169,0.0054821274,0.005640517,0.00564118,0.032527797,0.008929026,1.4016191,0.0002764235
485,-89.061236,14.459625,El Guisayote BiR,,HND,Neotropic,2070,0.0005297203,0.009935459,0.009287075,0.009422972,0.014270296,0.009819707,0.6760734,0.0002855475
486,-89.338819,14.425042,Montecristo-Trifinio NP,,HND,Neotropic,2081,0.0004919292,0.01004716,0.009415821,0.009568126,0.014738135,0.009580431,0.71621543,0.00031745355
487,-89.121514,14.376181,El Pital BiR,,HND,Neotropic,2389,0.0005297203,0.009935459,0.009287075,0.009422972,0.017362168,0.009819707,0.6760734,0.0002855475
488,-89.001958,14.653681,Erapuca WR,,HND,Neotropic,2159,0.0009051274,0.010419424,0.0095317345,0.009793108,0.017050259,0.009529942,0.81010324,0.00037553458
489,-88.913403,15.107014,Cerro Azul de Copán NP,,HND,Neotropic,2181,0.0011466793,0.01021398,0.00924578,0.009559564,0.022381091,0.008365915,1.0453062,0.00023085486
490,-88.147208,14.937708,Santa Barbara NP,,HND,Neotropic,2087,0.0009518522,0.011852118,0.011346733,0.012030829,0.023259794,0.009388156,1.0238491,0.0005458411
491,-88.833986,14.417625,Volcan Pacayita BiR,,HND,Neotropic,2059,0.0005694187,0.010190551,0.009576769,0.009751653,0.0154944295,0.010308279,0.66384995,0.00031683128
492,-88.731875,14.499653,Celaque NP,,HND,Neotropic,2149,0.00075856486,0.010478671,0.00973735,0.009953727,0.015696703,0.009973351,0.7200456,0.00030296342
493,-88.548625,14.735264,Puca WR,,HND,Neotropic,2141,0.0009910023,0.011218592,0.01057137,0.011037473,0.019942254,0.009582613,0.9082797,0.00056408637
494,-88.141097,14.456903,Mixcure WR,,HND,Neotropic,2220,0.0007317205,0.010550126,0.009830004,0.010133932,0.017877277,0.010054891,0.6902951,0.0003924501
495,-87.797292,14.353931,Cordillera de Montecillos BiR,,HND,Neotropic,2160,0.0008649701,0.011333729,0.010540495,0.010949768,0.022476686,0.008890363,0.7320024,0.00044156806
496,-87.519792,14.477847,Montana de Comayagua NP,,HND,Neotropic,2280,0.00093530107,0.010845799,0.010102269,0.01054202,0.021575103,0.010597334,0.794978,0.0004341415
497,-87.578264,15.171597,Pico Pijol NP,,HND,Neotropic,2050,0.0009513862,0.010975861,0.010327506,0.010738791,0.020629968,0.008082035,0.9839486,0.00040759792
498,-87.089569,15.028486,Montana de Yoro NP,,HND,Neotropic,2152,0.00091752096,0.011182173,0.010744158,0.011252266,0.023697736,0.010112767,0.8762616,0.00047620453
499,-86.838236,14.319903,El Chile BiR,,HND,Neotropic,1921,0.0005729444,0.011180948,0.010020815,0.01041069,0.024525002,0.010896546,0.8002472,0.00064294896
500,-86.705597,15.105264,La Muralla WR,,HND,Neotropic,1773,0.0007563717,0.0110586025,0.010480636,0.010973135,0.026674606,0.010131137,0.8817733,0.0006171261
501,-85.866125,14.984847,Sierra de Agalta NP,,HND,Neotropic,2253,0.0004410501,0.010122164,0.009205108,0.009513854,0.024502348,0.009013695,0.95603275,0.0005233027
502,-61.173319,14.809153,Mount Pelée,,MTQ,Neotropic,994,0.00021855385,0.0062813316,0.00639564,0.006429298,0.025346331,0.008449474,1.4493,0.00026384255
503,-88.229236,15.508431,Montana de Cusuco NP,,HND,Neotropic,1923,0.0008176713,0.009833497,0.00933042,0.0097238775,0.020197568,0.008301639,1.1692443,0.00042677272
504,-87.300764,15.445597,Texiguat WR,,HND,Neotropic,1887,0.00086030486,0.010294733,0.009774943,0.01013858,0.027216736,0.008390951,1.0396795,0.00042593488
505,-86.881875,15.627097,Pico Bonito NP,,HND,Neotropic,1899,0.0007562369,0.008748612,0.00839004,0.008583259,0.042959377,0.007803472,1.0352924,0.00028371785
506,-61.657514,16.063319,Soufrière,,GLP,Neotropic,1064,0.00022802115,0.0064702127,0.0065688235,0.006591709,0.043664943,0.008302296,1.5403148,0.0003511434
507,-61.337208,15.362514,Trois Pitons,,DMA,Neotropic,940,0.00019662436,0.0065236194,0.0065245926,0.0066149323,0.030973796,0.007700423,1.4869249,4.6331112E-09
508,-61.327764,15.341097,Morne Macaque,,DMA,Neotropic,765,0.00019662436,0.0065236194,0.0065245926,0.0066149323,0.030948857,0.007700423,1.4869249,4.6331112E-09
509,-61.337208,15.362514,Trois Pitons,yes,DMA,Neotropic,940,0.00019662436,0.0065236194,0.0065245926,0.0066149323,0.030973796,0.007700423,1.4869249,4.6331112E-09
510,-61.408875,15.500014,Morne Diablotins,,DMA,Neotropic,1110,0.00020350365,0.0065890485,0.00658646,0.0066827196,0.035490546,0.007707556,1.5031306,4.6331112E-09
511,-61.327708,15.341097,,,DMA,Neotropic,765,0.00019662436,0.0065236194,0.0065245926,0.0066149323,0.030948857,0.007700423,1.4869249,4.6331112E-09
512,-62.583597,17.149431,Nevis Peak,,KNA,Neotropic,925,0.00027186848,0.006148565,0.006139193,0.006218169,0.017944338,0.008063105,1.620158,4.6331112E-09
513,-76.578319,18.041931,Blue Mountain Peak,,JAM,Neotropic,2191,0.00054600224,0.0054680784,0.0055604936,0.00553988,0.03741495,0.006563915,1.201118,0.0003199437
514,-65.791931,18.314708,El Yunque,,PRI,Neotropic,882,0.00054017844,0.0055923075,0.0061622276,0.006175422,0.033283487,0.008544811,1.6015778,0.00025051023
515,-65.766375,18.271653,Pico de Este,,PRI,Neotropic,822,0.00054017844,0.0055923075,0.0061622276,0.006175422,0.037263103,0.008544811,1.6015778,0.00025051023
516,-62.808319,17.368597,Mount Liamuiga,,KNA,Neotropic,723,0.0002874168,0.006093913,0.00610756,0.006164871,0.016467486,0.00813783,1.6354144,4.6331112E-09
517,-62.756125,17.326653,Olivée's Mount,,KNA,Neotropic,784,0.00028262107,0.006107718,0.006122529,0.006181455,0.015121419,0.008088307,1.6224191,4.6331112E-09
518,-155.589264,19.604958,Hawái,,USA,Oceania,2414,0.00085981854,0.0115887355,0.009963082,0.009413423,0.010605953,0.02721725,1.0080165,0.00070833066
519,-76.833319,20.000819,Pico Turquino,,CUB,Neotropic,1622,0.0004539043,0.007125002,0.007226816,0.0072834846,0.01693771,0.009725123,1.2112664,0.00023569264
520,-72.266653,18.349986,Pic Cabaio,,HTI,Neotropic,2064,0.00059387955,0.006354705,0.0070104147,0.0070412634,0.02049317,0.0074291676,1.1865039,0.00033482036
521,-70.991653,19.033292,Pico Duarte,,DOM,Neotropic,2877,0.00046198958,0.007544865,0.008648454,0.008675409,0.022270016,0.009406654,1.1244926,0.0005787452
522,116.367569,4.817097,Witti Range,,MYS,Indomalayan,727,0.0014173287,0.010162364,0.012886702,0.013877065,0.030040994,0.010002848,1.4434668,0.0010677448
523,115.238958,3.450236,Tamabo Range,,MYS,Indomalayan,784,0.00066018634,0.006707218,0.0069615683,0.0073323203,0.029403454,0.0049365833,1.3230417,0.00028383537
524,113.801986,2.199681,Hose Mountains,,MYS,Indomalayan,586,0.0008304351,0.005087527,0.005942036,0.0061666206,0.023987016,0.00568209,1.3365831,0.00017678384
525,114.416819,2.322625,Linau Balui Plateau,,MYS,Indomalayan,733,0.0007268466,0.0059125256,0.0063564284,0.006574705,0.018094586,0.005302756,1.3176568,0.00014863313
526,115.111014,2.896486,Penambo Range,,MYS,Indomalayan,762,0.00070569053,0.00628616,0.0066413432,0.0069478294,0.034017876,0.004680314,1.3251746,0.00024120302
527,113.801986,3.306375,Dulit Range,,MYS,Indomalayan,109,0.0008065296,0.0057113445,0.006380874,0.0066154427,0.0333656,0.006609087,1.375583,0.00024342326
528,113.474069,1.338903,Tohenbatu,,MYS,Indomalayan,822,0.00064621115,0.0044954675,0.005033598,0.005132352,0.025047665,0.0059043043,1.3238889,0.00013004386
