id,longitude,latitude,weight,tmcf,remove,country,realm,elevation,cloud,temperature,min_temperature,max_temperature,precipitation,dewpoint,pressure,vswc,PET
77,-82.800014,9.149986,7.645180317,La Amistad,yes,PAN,Neotropic,2570,-0.001370595,0.030239308,0.024209058,0.02394814,-0.051029086,0.020276826,1.7752345,5.63E-05,7.97E-05
98,-89.633319,13.866681,7.516424424,Los Andes,yes,SLV,Neotropic,1980,-0.000802291,0.0493328,0.031212483,0.031578615,0.014412742,0.036564413,1.4090761,-0.000316101,-9.91E-05
383,124.050014,12.800014,7.550083165,Mount Bulusan,yes,PHL,Indomalayan,457,-0.001131807,0.017862976,0.015851228,0.015435095,-0.007448462,0.014420502,0.06704412,0.000259632,-6.26E-05
384,121.199986,14.133319,7.507598956,Mount Makiling,yes,PHL,Indomalayan,943,-0.001378658,0.025553511,0.023201782,0.022913063,0.060419526,0.009447587,0.053032007,-0.000233274,-0.000132987
393,145.866681,-17.716681,7.373148721,Mount Bellenden Ker MCF,yes,AUS,Australasia,79,-0.003409923,0.010896791,0.021135649,0.021943893,-0.0258049,-0.012120363,0.2537673,-0.00065466,0.000130309
394,145.800014,-17.583319,7.378677388,Mount Bartle Frere MCF,yes,AUS,Australasia,467,-0.003695509,0.009864654,0.02043583,0.02129249,-0.10225937,-0.013217215,0.45924136,-0.000661685,0.000149406
413,118.300014,12.050014,7.572166649,Victoria Peak,yes,PHL,Indomalayan,,-0.001758897,0.016641593,0.018943487,0.018831592,-0.01757103,0.013644195,0.2749308,-8.47E-09,0.000269562
509,-61.337208,15.362514,7.464793325,Trois Pitons,yes,DMA,Neotropic,940,-0.000726272,0.008131851,0.009588608,0.009280545,0.054640874,0.009768399,2.0991583,-8.47E-09,-0.000109213
0,-69.183347,-14.966681,7.478957579,Ulla Ulla,,BOL,Neotropic,4722,0.000113534,0.04045404,0.021746488,0.021283677,0.012965781,0.010717405,3.7050476,-0.000707994,8.99E-05
1,-63.866681,-17.750014,7.371760571,Amboró,,BOL,Neotropic,955,-0.003433471,0.04318488,0.028047916,0.029756056,-0.013442339,0.009322318,2.6425157,-0.000644326,-0.000354573
2,-64.400014,-17.266653,7.391643547,Carrasco,,BOL,Neotropic,295,-0.003064172,0.044723287,0.028559646,0.03012712,-0.023664357,0.009915926,2.241495,-0.00076896,-0.000397986
3,-64.500014,-20.000014,7.272270154,Tariquía,,BOL,Neotropic,3040,-0.002596234,0.042381495,0.02251347,0.023497129,-0.003090656,0.027644178,3.9645164,-0.000228202,-0.00030616
4,-44.633319,-22.383319,7.154572592,Itatiaia,,BRA,Neotropic,2194,-0.002077254,0.027465839,0.025359688,0.026287561,-0.007068314,0.00437462,2.5673625,-0.000457372,-0.000112643
5,-66.033319,0.333319,7.744885342,Pico da Neblina,,BRA,Neotropic,100,-0.006475197,0.025458634,0.030606367,0.0311557,0.006645388,0.003481678,0.8721981,-0.000433252,-0.000173565
6,-44.500014,-22.833319,7.13094556,Serra do Bocaína,,BRA,Neotropic,1515,-0.000861622,0.022683693,0.019138858,0.019711921,0.016854472,0.007643218,2.4598365,-6.28E-05,-9.24E-05
7,-49.549986,-28.133319,6.819853308,Sao Joaquim,,BRA,Neotropic,1600,-0.001902475,0.027392076,0.020872587,0.022055563,-0.004503049,0.011418339,3.0186021,-0.000452134,-2.38E-06
8,115.316653,4.333319,7.722584752,Gunung Pagon,,BRN,Indomalayan,1029,0.00215396,0.031622976,0.00994955,0.007685995,-0.014230346,0.044922173,1.4598832,0.000942364,-0.000467947
9,-84.000014,10.166681,7.621829398,Braulio Carrillo,,CRI,Neotropic,790,-0.001488186,0.035693936,0.026410181,0.02644602,-0.059664316,0.018598694,1.1436609,-0.000460915,0.00014216
10,-85.383319,10.800014,7.606055542,Volcán Rincón de la Vieja,,CRI,Neotropic,975,0.000618916,0.030733382,0.018795528,0.018591834,-0.005140185,0.026547525,1.0148512,0.000211751,0.000240984
11,-83.783319,9.716681,7.632464747,Tapantí,,CRI,Neotropic,1441,-0.001478476,0.030440882,0.023173288,0.022875458,0.008938097,0.019777456,2.0646749,3.14E-06,0.000101183
12,-83.483319,9.483319,7.637792526,Chirripó,,CRI,Neotropic,3588,-0.001286045,0.02858846,0.02238244,0.022087336,-0.03868285,0.021330407,2.0186877,0.000216112,0.000155298
13,-84.233319,10.199986,7.621023351,Volcán Poás,,CRI,Neotropic,2405,-0.00172814,0.03510758,0.025560243,0.025621781,-0.058551747,0.019051557,1.4507492,-0.000332019,0.000221977
14,-84.800014,10.283319,7.618995114,Monteverde Cloud Forest Reserve,,CRI,Neotropic,1123,-0.000928968,0.036034785,0.025345242,0.025226496,-0.06151817,0.019689862,1.2291194,-0.000127852,0.00026802
15,-91.533319,-0.349986,7.744871729,Fernandina,,ECU,Neotropic,1405,0.005140605,-0.011376938,-0.011691384,-0.012017068,-0.002234688,0.00930417,1.7296895,-8.47E-09,-0.000258183
16,-91.116681,-0.800014,7.744253125,Isabela,,ECU,Neotropic,920,0.005124364,-0.001823175,-0.001256574,-0.001392509,-0.004286829,0.016536955,1.6700251,0.000188568,-0.000265583
17,-90.349986,-0.616681,7.744563573,Santa Cruz,,ECU,Neotropic,536,0.002647013,-0.005137915,-0.005074775,-0.004908382,-0.005662418,0.012894749,1.7290589,-0.000560298,-0.000267447
18,-78.615819,-0.366681,7.744857428,Atacazo,,ECU,Neotropic,4115,-0.000682395,0.06765274,0.0210091,0.02131744,-0.000275981,0.05016263,2.8039627,-0.000269234,-0.000300359
19,-77.816653,-0.016681,7.745017811,Cayambe-Coca,,ECU,Neotropic,2130,-0.000707165,0.057485916,0.01661013,0.016335873,-0.044993713,0.052410405,2.6654706,0.000337541,-0.000345744
20,-77.866681,0.365014,7.744858886,Cerro Mongus,,ECU,Neotropic,3028,-0.001540232,0.056676913,0.018458158,0.018829325,-0.022403985,0.047442146,2.6460276,-0.000248885,-0.000373231
21,-78.000014,-0.483319,7.744738922,Cordillera de Guacamayo,,ECU,Neotropic,2914,-0.001584895,0.06342904,0.017506357,0.017109482,0.020005092,0.05394167,2.705948,0.000220696,-0.000413296
22,-78.966681,-4.133319,7.724606766,Podocarpus National Park,,ECU,Neotropic,1497,-0.000847287,0.04288826,0.012682457,0.012110243,-0.066099264,0.034671176,2.288154,0.000434876,-5.19E-05
23,-79.116681,-2.816681,7.735536962,Río Mazan,,ECU,Neotropic,3741,-0.001438182,0.0690452,0.020223694,0.0210025,-0.000117706,0.043019973,2.7809923,-0.000568181,-0.000222089
24,-78.333347,-2.000014,7.740237332,Sangay,,ECU,Neotropic,4758,-0.00117272,0.06922306,0.015594403,0.015743703,0.026420588,0.049341556,2.650303,0.00030606,-0.000319064
25,-78.583347,-0.100014,7.745006187,Volcán Pichincha,,ECU,Neotropic,3215,-0.000237527,0.06399772,0.020076375,0.0201477,-0.018872444,0.05375647,2.6093442,-5.82E-05,-0.000441694
26,-100.250014,17.416681,7.385528885,Sierra de Atoyac,,MEX,Neotropic,1265,0.002310884,0.003187258,0.01975577,0.017043175,-0.040991478,0.042113286,2.1552587,0.001160779,-2.93E-05
27,-98.316653,20.316681,7.257357117,Cerra Viejo,,MEX,Neotropic,2385,0.001035013,0.034148883,0.026149819,0.025130717,0.019656986,0.038476273,1.8693045,0.000461334,0.000216221
28,-103.266681,19.433319,7.298399195,Espinazo del Diablo,,MEX,Neotropic,1775,0.002122332,0.014389135,0.02104685,0.018439472,-0.015539524,0.061589662,2.319757,0.000923061,0.000263019
29,-99.300014,23.133319,7.114948427,El Cielo,,MEX,Neotropic,1839,4.5E-05,0.025502544,0.031631913,0.031514265,0.012530275,0.01228218,1.746462,-0.000371684,0.000190629
30,-105.000014,21.516653,7.198824621,El Nayer,,MEX,Neotropic,1151,-0.000209533,0.011594083,0.031057812,0.030237647,-0.03783435,-0.003477699,1.8190207,-8.68E-05,0.000299821
31,-99.050014,18.466681,7.341307342,Huautla,,MEX,Neotropic,1329,0.001167713,-0.004241384,0.002661756,-0.000531306,0.01885007,0.08223572,1.7256618,0.001476029,-0.000151127
32,-98.666653,19.166681,7.310444608,Iztacihuatl-Popocat‚petl,,MEX,Neotropic,3991,0.000749337,0.031275105,0.031359274,0.030480728,0.00217731,0.0559523,2.3611505,-3.21E-05,0.000319338
33,-98.000014,19.233347,7.307447907,"Volcán la Malinche, Tlaxcala-Puebla",,MEX,Neotropic,3676,0.000409182,0.0368427,0.03424725,0.033310805,0.035892554,0.053707544,2.25493,1.65E-06,0.000336575
34,-91.666653,16.166681,7.43491061,Lagunas de Montebello,,MEX,Neotropic,1323,-0.000747985,0.039686184,0.025292603,0.025001643,-0.058443025,0.047696307,1.951064,-0.000283646,-0.000140666
35,-96.550014,16.066681,7.438707203,Loxicha,,MEX,Neotropic,2171,0.000939227,0.02971071,0.020093158,0.018464567,-0.023652121,0.0645837,2.1580198,0.000426602,-9.42E-05
36,-95.199986,18.549986,7.337692262,"Volcán San Martín, Veracruz",,MEX,Neotropic,1381,-0.001127795,0.023813209,0.024022266,0.023615709,-0.019623255,0.023945233,0.9441903,6.83E-05,1.46E-05
37,-94.833347,18.383319,7.344909237,"Sierra de Santa Martha, Veracruz",,MEX,Neotropic,780,-0.001290165,0.024337163,0.025922371,0.025235172,-0.04498174,0.026171532,1.0612707,-0.000174112,-8.56E-05
38,-97.000014,19.383319,7.300670092,"Teocelo, Veracruz",,MEX,Neotropic,1246,0.002390854,0.033555225,0.029293278,0.02798635,-0.041437477,0.03357366,1.7490225,0.000212747,0.000227368
39,-99.750014,19.249986,7.306698413,"Nevado de Toluca, State of México",,MEX,Neotropic,2837,0.000875536,0.032187127,0.037168417,0.03687319,0.001647385,0.04549635,2.5720649,-0.000241578,0.000219088
40,-99.166653,21.249986,7.212107744,Xilitla,,MEX,Neotropic,1891,0.000975352,0.028373815,0.02307853,0.022351444,0.007903491,0.021530224,1.658301,0.000189307,9.84E-05
41,-92.883319,15.666681,7.453664753,El Triunfo,,MEX,Neotropic,1850,0.000265796,0.036844984,0.023899887,0.022427276,0.021441814,0.06533452,1.7492318,0.000196453,1.71E-05
42,-92.683347,16.733347,7.412965252,Huitepec,,MEX,Neotropic,2483,0.000459376,0.028527759,0.021284655,0.020086514,-0.027407074,0.063526906,2.1566792,0.000307821,0.000182907
43,-82.800014,9.149986,7.645180317,Volcán Barú/Volcan Chiriqui,,PAN,Neotropic,2570,-0.001370595,0.030239308,0.024209058,0.02394814,-0.051029086,0.020276826,1.7752345,5.63E-05,0.000413426
44,-71.666653,-12.500014,7.559073703,Manú,,PER,Neotropic,1727,-0.001263849,0.025042605,0.02145301,0.020914162,0.031559285,0.011294871,2.129903,-0.000178691,-0.000173721
45,-78.366681,-5.583319,7.707788756,Northern Cordillera del Colán,,PER,Neotropic,2108,0.000319438,0.02040321,0.010513408,0.009496929,0.02343296,0.028722906,2.1645753,0.000428374,6.58E-05
46,-78.050014,-5.733319,7.705763384,Southern Cordillera del Colán,,PER,Neotropic,2226,-0.000379125,0.025886143,0.018280182,0.017026281,0.014291367,0.030541705,2.302141,0.000134006,8.9E-05
47,-89.383319,14.416681,7.498039926,Montecristo,,SLV,Neotropic,1822,-0.001726837,0.051924333,0.030544437,0.031116297,0.010890775,0.037967473,1.5716298,-0.00061471,0.000122311
48,-66.050014,-16.200014,7.433640012,Isiboro Sécure,,BOL,Neotropic,255,-0.001882589,0.047338407,0.027100917,0.028443262,0.03621262,0.004619118,1.939122,-0.000632353,-0.000347568
49,-68.500014,-13.166681,7.538810639,Madidi,,BOL,Neotropic,226,-0.003331491,0.047447752,0.02461955,0.026397042,0.06292131,0.009070796,1.283872,-0.000567723,-0.000217848
50,37.999986,12.999986,7.543974091,Simen Mountains,,ETH,Paleartic,2238,0.00010226,0.023486065,0.017138071,0.016130328,0.001549895,0.02797679,2.036001,0.00010935,0.000151362
51,-78.633319,-3.016681,7.734143087,Zapote Najda Mountains,,ECU,Neotropic,3283,-0.001520981,0.05948441,0.011675848,0.011946834,-0.012375689,0.04023571,2.3439498,0.000117438,-0.000392234
52,-77.633319,-0.566681,7.744634297,Volcán Sumaco,,ECU,Neotropic,2682,-0.001299739,0.06113408,0.017406791,0.01632526,-0.052174836,0.049915943,2.242712,0.000190213,-0.000580091
53,-80.683347,-1.649986,7.741764187,Machalilla,,ECU,Neotropic,256,-0.005223205,0.07076614,0.03897243,0.04311616,-0.016217558,0.008457717,1.50591,-0.004314101,-0.000500178
54,-79.733319,-3.674431,7.728885751,Buenaventura,,ECU,Neotropic,943,-0.002329684,0.052364636,0.021014515,0.022789117,-0.02026508,0.023008088,2.211468,-0.001547831,-0.000315131
55,-79.283319,-3.633319,7.729244598,Huashapamba,,ECU,Neotropic,2664,-0.00037781,0.056457836,0.02080596,0.021192068,-0.004242573,0.029899783,2.5459905,-0.000525522,-0.000303366
56,-79.949986,-3.950014,7.726376252,Vicentino,,ECU,Neotropic,889,-0.003413079,0.05477128,0.027986385,0.03113878,-0.029108744,0.000773434,2.1852076,-0.002131095,-0.000261288
57,-80.000014,-4.000014,7.725901536,Alamor,,ECU,Neotropic,1226,-0.003962244,0.056986652,0.031118816,0.035020787,-0.014898235,-0.006399628,2.0985563,-0.002295777,-0.000261288
58,-79.971653,-4.124181,7.724696874,Celica,,ECU,Neotropic,1623,-0.003497257,0.053609353,0.029184066,0.03238409,-0.023320466,-0.005711289,2.2082984,-0.002134373,-0.000237178
59,-79.800014,-4.333319,7.722584752,Sozoranga,,ECU,Neotropic,1505,-0.002770583,0.04802397,0.027563192,0.029354602,-0.01766807,-0.004311419,2.3250008,-0.001761786,-0.000169278
60,-79.366681,-4.566681,7.72010495,Angashcola,,ECU,Neotropic,2814,0.000432793,0.03476366,0.016275657,0.016113693,-0.033402927,0.027107907,2.4800243,0.000410363,-9.76E-05
61,-78.650014,-4.366681,7.722238183,Shaime,,ECU,Neotropic,1022,0.000388896,0.04114629,0.012754074,0.011512829,-0.09235082,0.033842377,1.8589282,0.000300311,-0.000159598
62,-78.572514,-3.996681,7.725933366,Chinapinza,,ECU,Neotropic,1892,-0.000174909,0.048347916,0.013248132,0.012323841,-0.07111566,0.036983427,1.9042984,0.000240462,-0.000239589
63,-64.583347,-18.616681,7.334786714,Palmares de Pasopaya-Presto-Rodeo,,BOL,Neotropic,1358,-0.002047616,0.040916532,0.02291449,0.023327041,-0.005838993,0.013145502,3.6805208,0.000118715,-0.000269964
64,-48.166097,-24.245819,7.053917916,Fazenda Intervales,,BRA,Neotropic,784,-0.000595525,0.01923238,0.014328063,0.015249507,-0.03691996,0.007114913,2.7768946,-0.000430251,-0.000237702
65,-45.175847,-23.468597,7.096838155,Bairro de Corcovado,,BRA,Neotropic,23,-6.22E-05,0.01676417,0.012529723,0.012735519,0.018575365,0.010946315,2.5152276,-7.41E-05,-0.000247537
66,7.366681,1.566681,7.742084444,Principe Island,,STP,Paleartic,129,0.001279546,0.00875077,0.009123608,0.008706885,-0.006563316,0.01546372,1.0187119,-8.47E-09,-0.000441493
67,-78.248625,-4.503319,7.720791093,Río Comaina and Río Cenepa,,PER,Neotropic,894,-0.000712534,0.03912763,0.011202284,0.010625442,-0.048622407,0.02710993,1.635269,3.56E-05,-0.000112541
68,-79.733319,-4.583319,7.719923193,Cerro Chacas,,PER,Neotropic,1737,-0.001522461,0.03916853,0.023666168,0.024910891,-0.028873757,0.002585424,2.4433997,-0.001236852,-7.56E-05
69,-79.383319,-5.099986,7.713950913,Cerro Chinguela,,PER,Neotropic,3028,0.001066814,0.02622698,0.018131558,0.017961012,-0.0214258,0.025340537,2.4695494,0.000258111,3.08E-05
70,-77.686681,-5.769181,7.705271235,Abra Patricia,,PER,Neotropic,2251,0.000485269,0.02347365,0.013111549,0.011926799,0.020303832,0.032550685,2.2832224,0.000591676,7.92E-05
71,-77.766681,-6.683319,7.691694566,Leimebamba,,PER,Neotropic,2935,-0.000364636,0.009099559,0.010272431,0.009809247,-0.006710467,0.031374827,2.5614386,0.000934033,8.66E-05
72,-77.483319,-7.533319,7.677291605,Río Abiseo,,PER,Neotropic,3522,-0.001030888,0.008059766,0.012066307,0.012180899,-0.025170226,0.027158823,2.6148615,0.000483872,5.3E-05
73,-77.151097,-8.206097,7.664678641,Cumpang and Utcubamba,,PER,Neotropic,2905,-0.001507188,0.009450857,0.015501159,0.01574597,-0.026622765,0.020993244,2.7915347,-6.65E-05,7.05E-05
74,-74.716681,-9.348347,7.640815494,Cerros de Sira,,PER,Neotropic,1384,-0.003353217,0.005229758,0.015055484,0.015038339,0.012009453,0.000672414,1.7630796,-1.13E-05,8.64E-05
75,-76.116125,-9.699986,7.632850159,Bosque Unchog,,PER,Neotropic,2099,-0.001787872,0.006967985,0.018025208,0.018268202,0.017824901,0.01362423,2.7649238,-4.73E-05,5.46E-05
76,-77.466681,-9.750014,7.631693279,Huascarán,,PER,Neotropic,3688,-0.001485676,0.00778603,0.018622456,0.019584723,-0.004820984,0.014649066,3.0965865,0.000152616,5.46E-05
78,-91.551097,14.743319,7.486791195,Volcán Santa María,,GTM,Neotropic,2863,0.00091852,0.041465916,0.023599446,0.023012154,-0.003169669,0.051676158,2.210577,0.00010639,-0.000179647
79,-91.199986,14.616681,7.491181532,Volcán Atitlán,,GTM,Neotropic,2454,0.000227356,0.04486552,0.025789931,0.02551231,0.03388345,0.04642549,2.1114688,-2.79E-05,-0.000268558
80,-91.199986,14.499986,7.495194441,Finca Mocca Private Reserve,,GTM,Neotropic,784,0.000235775,0.045862656,0.027211428,0.026859844,0.05466316,0.04519255,1.7957267,-0.000163786,-0.000491146
81,-90.883319,14.483319,7.495765024,Volcán Acatenango,,GTM,Neotropic,3420,0.00015964,0.04625134,0.026931211,0.02657647,0.038641483,0.045318678,2.0106895,-8.38E-05,-0.000491146
82,-77.666653,0.499986,7.744719332,Playón de San Francisco,,ECU,Neotropic,3364,-0.001653036,0.05493302,0.018028451,0.018390087,-0.03463783,0.04790348,2.693396,-0.00010861,-0.000590279
83,-92.199986,15.100014,7.474226692,Volcán Tacaná,,MEX,Neotropic,942,0.001129356,0.045223806,0.029611418,0.028515043,-0.021168305,0.05622794,1.7211514,-9.91E-05,-0.000534794
84,-91.766681,16.466681,7.423383743,Las Margaritas,,MEX,Neotropic,2033,-0.001000323,0.03848338,0.026483115,0.025841929,-0.07277605,0.04232711,1.8828244,-0.00062568,5.5E-05
85,-91.849986,16.916681,7.4057085,"Ocosingo, Chiapas",,MEX,Neotropic,720,-0.000585597,0.035129387,0.027160788,0.026510363,-0.06022302,0.042328928,1.7725259,-0.000408334,0.000110642
86,-93.416653,16.516653,7.421443711,Cerro Tres Picos,,MEX,Neotropic,1260,-0.000992138,0.035310917,0.026093055,0.02517936,-0.007708973,0.05453647,1.6313616,-0.000254633,1.81E-05
87,-94.199986,16.766653,7.411652619,Los Chimalapas,,MEX,Neotropic,1660,-0.000481052,0.03078584,0.022748953,0.021914672,-0.016182566,0.05311738,1.8452535,0.00018558,7.16E-05
88,-92.866681,17.183319,7.395017894,"Region Norte, Chiapas",,MEX,Neotropic,1792,-0.000310662,0.025851185,0.022091903,0.021090139,-0.014166142,0.050339386,1.8216903,0.000365559,0.000144689
89,-83.866681,9.983319,7.626220455,Irazu Volcano,,CRI,Neotropic,2882,-0.00187467,0.03324133,0.024960753,0.024830468,-0.008896085,0.017931556,1.7766591,-0.000204752,5.12E-05
90,-83.300014,9.466681,7.638167485,La Amistad,,CRI,Neotropic,1913,-0.00142525,0.029523114,0.023465311,0.023239844,-0.04810546,0.020295173,1.9341307,0.000110674,-0.000182955
91,-83.911931,9.707514,7.632676453,Genesis II Cloud Forest Preserve,,CRI,Neotropic,2387,-0.001100288,0.030021418,0.022576159,0.022337379,-0.017228037,0.018925736,2.0335371,3.96E-05,-7.84E-05
92,-83.616681,9.583319,7.635525165,Río Macho,,CRI,Neotropic,2904,-0.001457208,0.02935315,0.02265814,0.022310978,-0.057865977,0.020520087,2.0858607,0.000160296,-0.000132434
93,-83.883319,9.583319,7.635525165,Los Santos,,CRI,Neotropic,2656,-0.00090593,0.028969904,0.022037707,0.021831436,-0.024529273,0.0169384,1.9020147,5.65E-05,-0.000125418
94,-85.449986,10.933347,7.602614887,Volcán Cacao,,CRI,Neotropic,1578,0.00074503,0.026904974,0.01570795,0.015375562,-0.024094462,0.027605338,0.9411773,0.000196025,-0.000138336
95,-89.633319,13.866681,7.516424424,Santa Ana,,SLV,Neotropic,1980,-0.000802291,0.0493328,0.031212483,0.031578615,0.014412742,0.036564413,1.4090761,-0.000316101,-0.000187924
96,-89.283319,13.749986,7.520235194,San Salvador,,SLV,Neotropic,1565,-0.000729352,0.047016766,0.029494056,0.029807534,0.005424499,0.037508305,1.264481,-0.000225696,-0.000101107
97,-88.849986,13.600014,7.525086369,San Vicente,,SLV,Neotropic,1778,-0.000827542,0.044740226,0.029592907,0.029764013,-0.003170168,0.03616059,1.1677378,-0.000146734,-9.42E-05
99,-89.699986,13.883319,7.51587853,San Rafael Los Naranjos/El Campanil,,SLV,Neotropic,1495,-0.00072125,0.048672248,0.031240813,0.03147986,0.02251087,0.036488425,1.4485277,-0.000275117,3.07E-05
100,-89.349986,13.716681,7.521317016,Santa María,,SLV,Neotropic,630,-0.00071301,0.04616353,0.028685726,0.028883694,-0.00425353,0.038843002,1.333891,-9.54E-05,4.67E-05
101,-89.800014,13.899986,7.515331043,Laguna Las Ninfas,,SLV,Neotropic,1117,-0.00072125,0.048672248,0.031240813,0.03147986,0.013859038,0.036488425,1.4485277,-0.000275117,3.56E-05
102,-90.883319,14.466681,7.496333975,Volcán de Fuego,,GTM,Neotropic,3193,0.00015964,0.04625134,0.026931211,0.02657647,0.038641483,0.045318678,2.0106895,-8.38E-05,3.41E-05
103,-81.766681,8.499986,7.658833112,Cerro Santiago,,PAN,Neotropic,1658,-0.001368683,0.031538486,0.02259898,0.02248487,-0.081682965,0.026937198,1.5552526,0.000118577,-0.000131058
104,-79.400014,9.149986,7.645180317,Cerro Azul,,PAN,Neotropic,415,-0.00130164,0.03384345,0.01767199,0.017743945,-0.022599459,0.037889447,1.0691618,3.77E-05,4.68E-05
105,-79.550014,9.466681,7.638167485,Cerro Bruja,,PAN,Neotropic,420,-0.001922974,0.03249263,0.018445112,0.018484568,-0.03326161,0.035569463,1.0020554,-0.000142634,7.76E-05
106,-79.366681,9.233319,7.643357913,Cerro Jefe,,PAN,Neotropic,679,-0.001607043,0.03747883,0.018965995,0.019036705,-0.01829428,0.04077883,1.0755891,-2.26E-05,6.12E-05
107,-82.750014,8.899986,7.650549337,Cerro Pando,,PAN,Neotropic,1870,-0.000672704,0.027670631,0.022093158,0.021756297,-0.04573998,0.02060256,1.8870156,0.000190599,-6.28E-05
108,-80.699986,7.283319,7.681705504,Cerro Hoya,,PAN,Neotropic,599,-0.00017827,0.019310113,0.013687076,0.013173313,-0.06488984,0.025667224,1.1882907,3.3E-05,-0.000270801
109,-77.300014,8.149986,7.665771502,Cerro Tacarcuna,,PAN,Neotropic,1760,-0.002960628,0.05605301,0.02630616,0.02716481,-0.046955466,0.048151825,1.3552587,-0.00056516,-0.000274014
110,-77.716681,7.866681,7.6711757,Cerro Pirre,,PAN,Neotropic,896,-0.002623238,0.056404836,0.026815433,0.027476903,-0.04706581,0.048052933,1.277,-0.000600521,-0.000281453
111,-78.383319,7.949986,7.669606311,Cerro Sapo,,PAN,Neotropic,316,-0.00210445,0.029031575,0.0164659,0.01611506,-0.068119116,0.030518364,1.1378582,-0.000138893,-0.000272108
112,39.999986,6.999986,7.686528913,Bale Mountains,,ETH,Paleartic,2689,-0.000891101,0.042440087,0.025663892,0.026209628,0.015431125,0.032741304,1.88927,4.96E-06,-0.000205101
113,145.800014,-17.583319,7.378677388,Mount Bartle Frere,,AUS,Australasia,467,-0.003695509,0.009864654,0.02043583,0.02129249,-0.10558702,-0.013217215,0.45924136,-0.000661685,2.94E-05
114,145.866681,-17.716681,7.373148721,Mount Bellenden Ker,,AUS,Australasia,79,-0.003409923,0.010896791,0.021135649,0.021943893,-0.10225937,-0.012120363,0.2537673,-0.00065466,2.72E-05
115,115.199986,4.483319,7.721005686,Bukit Belalong,,BRN,Indomalayan,528,0.001715634,0.031064238,0.009502638,0.007170009,-0.008887151,0.042088315,1.3542837,0.00066133,0.000257351
116,80.800014,6.933319,7.687636185,Hakgala Peak,,LKA,Indomalayan,1805,-0.000980156,0.017632205,0.01675737,0.016037509,-0.0012448,0.023270648,0.7102111,-0.000240413,-0.000166163
117,80.749986,6.800014,7.689818643,Kirigalpota,,LKA,Indomalayan,1964,-0.001016403,0.018571401,0.01792397,0.017341748,0.008614133,0.021726098,0.6134931,-0.000202803,-0.000133829
118,80.516681,6.783319,7.690089003,Sri Pada/Adam's Peak,,LKA,Indomalayan,1704,-0.001560405,0.024523789,0.021225821,0.020676635,0.03322723,0.023456236,0.24372146,-0.000144026,-0.000133829
119,80.749986,7.016681,7.686249976,Pidurutalagala,,LKA,Indomalayan,2237,-0.000873244,0.016283391,0.015362335,0.01452571,0.006513221,0.02520006,0.73394895,-0.000222492,-0.000195951
120,80.749986,6.916681,7.687910883,Conical Hill,,LKA,Indomalayan,1610,-0.000980156,0.017632205,0.01675737,0.016037509,-0.000405211,0.023270648,0.7102111,-0.000240413,-0.00016733
121,80.716681,6.983319,7.686806723,Kikilimana,,LKA,Indomalayan,1865,-0.000980156,0.017632205,0.01675737,0.016037509,-0.022769513,0.023270648,0.7102111,-0.000240413,-0.00016733
122,80.800014,7.047208,7.685738227,Mahakudugala,,LKA,Indomalayan,1702,-0.000873244,0.016283391,0.015362335,0.01452571,0.015962034,0.02520006,0.73394895,-0.000222492,-0.000200181
123,81.116681,6.933319,7.687636185,Namunukula,,LKA,Indomalayan,1837,6.37E-05,0.00317167,0.007008832,0.005261133,0.000135185,0.028068123,0.61006486,0.000323195,-0.000159964
124,80.666653,6.933319,7.687636185,Nanuoya,,LKA,Indomalayan,1215,-0.001231046,0.021200987,0.019004134,0.01838628,-0.018454814,0.023403054,0.5258858,-0.000252348,-0.00013388
125,80.849986,7.016681,7.686249976,Ragala,,LKA,Indomalayan,1588,-0.000318968,0.007874861,0.008773097,0.007344022,0.013249293,0.03132827,0.7389144,0.000246154,-0.000151556
126,80.833347,7.366681,7.680250149,Knuckles,,LKA,Indomalayan,1363,-7.91E-05,0.005651575,0.006597518,0.004837664,0.00965053,0.0333371,0.6200545,0.000458697,-0.00017254
127,80.733319,7.466681,7.678482607,Gombaniya,,LKA,Indomalayan,1508,-0.000410032,0.010966133,0.010129429,0.008734775,0.011820213,0.02986058,0.550532,0.000291353,-0.000180584
128,80.783319,7.466681,7.678482607,Kalupahana,,LKA,Indomalayan,730,-0.000410032,0.010966133,0.010129429,0.008734775,0.004461356,0.02986058,0.550532,0.000291353,-0.000180584
129,80.866681,7.383319,7.679957708,Dumbanagala,,LKA,Indomalayan,1429,-7.91E-05,0.005651575,0.006597518,0.004837664,0.004598216,0.0333371,0.6200545,0.000458697,-0.000132623
130,109.699986,18.950014,7.320115103,Wuzhi Mountain,,CHN,Indomalayan,768,-0.000635594,0.026078919,0.018309973,0.01761686,0.023466978,0.026537413,1.4198763,0.000135126,-2.17E-05
131,93.916653,21.200014,7.21457945,Natma Taung/Mount Victoria,,MMR,Indomalayan,2240,-0.001012694,0.031595528,0.01607711,0.015788745,-0.058020327,0.043947283,2.4076436,0.000155711,-0.000383875
132,-43.429431,-22.607208,7.142872786,Serra do Tingu ,,BRA,Neotropic,40,-0.000902093,0.02032667,0.019688495,0.020832604,-0.003529036,-0.002354464,2.188891,-0.000810972,-0.000133445
133,-43.049986,-22.466681,7.150229157,Serra dos Orgaos,,BRA,Neotropic,2100,-0.001023348,0.017815493,0.018316505,0.019347431,-0.020610003,0.000538875,2.2503235,-0.000389034,-0.000133012
134,-78.750014,-6.233319,7.698625923,Cutervo,,PER,Neotropic,2659,0.000995943,0.009179663,0.01115667,0.010786851,-0.008742455,0.025691591,2.297307,0.000267183,-3.37E-06
135,-75.983319,-9.266681,7.642623735,Tingo Maria,,PER,Neotropic,654,-0.000239229,0.003287067,0.013371591,0.012879455,0.043110173,0.018700814,2.1328235,0.000611089,0.000153481
136,-75.349986,-10.366681,7.616949859,Yanáchanga Chemillén,,PER,Neotropic,1052,-0.001056768,0.002987413,0.016197838,0.015848434,0.011230872,0.007806419,2.2187872,-2.85E-05,-0.000342219
137,-72.866681,-13.566653,7.526158423,Ampay,,PER,Neotropic,3906,-0.002090704,0.020845415,0.027144352,0.027471056,-0.009730781,0.013339343,3.084737,2.61E-06,0.00015952
138,-72.583347,-12.199986,7.56785557,Macchu Picchu,,PER,Neotropic,1430,0.000192197,0.015149273,0.02012443,0.018947639,-0.05739219,0.012896661,2.1368747,0.00023242,0.000604868
139,-79.333347,-3.750014,7.728215507,El Sauce,,ECU,Neotropic,2937,-0.00037781,0.056457836,0.02080596,0.021192068,-0.010248032,0.029899783,2.5459905,-0.000525522,-0.0002284
140,-79.216681,-3.633319,7.729244598,Torré,,ECU,Neotropic,2554,-0.00037781,0.056457836,0.02080596,0.021192068,-0.013336158,0.029899783,2.5459905,-0.000525522,-0.0002284
141,-79.283319,-3.799986,7.72776489,Santiago,,ECU,Neotropic,2506,-0.000197481,0.05359917,0.020131288,0.020362189,-0.010648944,0.02789494,2.5166626,-0.000371763,-0.000182241
142,-79.199986,-3.683319,7.728807643,Oñacapa/Hiñuña,,ECU,Neotropic,2759,-0.000771482,0.05484296,0.018527543,0.018728046,-0.012194323,0.03463026,2.4717767,-0.00022256,-0.000174933
143,-79.366681,-3.533319,7.730100618,Cuesta de Cañabrada,,ECU,Neotropic,2573,-0.000156546,0.05535251,0.018717421,0.019236254,-0.010450462,0.03369338,2.5414126,-0.000355092,-0.000152232
144,-79.216681,-3.700014,7.728660415,Ingapirra,,ECU,Neotropic,3086,-0.00037781,0.056457836,0.02080596,0.021192068,-0.013488123,0.029899783,2.5459905,-0.000525522,-0.000174933
145,-88.966681,17.116681,7.397704835,Slate Creek Preserve,,BLZ,Neotropic,283,-0.002473541,0.04711039,0.030790484,0.031176142,-0.023379792,0.044988822,0.99369204,-0.000695141,1.86E-05
146,-89.833347,15.149986,7.472443068,Sierra de las Minas,,GTM,Neotropic,2322,-0.002092933,0.050268315,0.027001964,0.027434783,-0.021512317,0.04132609,1.6719438,-0.000772253,3.6E-05
147,-89.333347,14.499986,7.495194441,Trifinio,,GTM,Neotropic,1529,-0.002004338,0.04962552,0.027813245,0.02818942,0.002662733,0.041574143,1.6934602,-0.000487386,6.54E-05
148,-90.283319,15.249986,7.468856587,Univ. Biotope,,GTM,Neotropic,1626,-0.001626278,0.050154664,0.027296402,0.027831513,0.000122707,0.03978418,1.9510683,-0.000833858,3.63E-05
149,-77.949986,7.349986,7.680542933,Cordillera de Juradó,,PAN,Neotropic,373,-0.002059006,0.025777873,0.017709421,0.017477319,-0.059217375,0.02627327,1.3357682,-7.38E-05,0.000572287
150,-105.816653,23.466681,7.096942344,El Batel,,MEX,Neotropic,1765,-0.000501099,0.010787379,0.03949794,0.03877796,-0.009184091,-0.008244334,2.0010881,-0.000572459,-2.8E-05
151,-104.166653,19.549986,7.293078647,Sierra de Manantlán,,MEX,Neotropic,2429,0.0018611,0.020780466,0.023428746,0.020147534,0.030465204,0.055782102,2.2912414,0.000745382,-0.000111867
152,-103.616681,19.533319,7.293840604,Nevado de Colima,,MEX,Neotropic,3353,0.001610265,0.019643554,0.024759274,0.022000935,0.006669872,0.054671325,2.3587291,0.000546921,-0.000111867
153,-100.300014,19.733347,7.284654997,"Sierra Chincua, Michoacán",,MEX,Neotropic,2672,0.000716946,0.031027794,0.036348,0.035323616,0.005537967,0.04388532,2.3796895,0.000291916,-0.000135147
154,124.050014,12.800014,7.550083165,Mount Bulusan,,PHL,Indomalayan,457,-0.001131807,0.017862976,0.015851228,0.015435095,-0.002321169,0.014420502,0.06704412,0.000259632,0.000182488
155,121.199986,14.133319,7.507598956,Mount Makiling/Maquiling,,PHL,Indomalayan,943,-0.001378658,0.025553511,0.023201782,0.022913063,0.0373782,0.009447587,0.053032007,-0.000233274,0.000111008
156,98.483319,18.583319,7.336241372,Doi Inthanon,,THA,Indomalayan,2532,-0.000249152,0.024042612,0.025274862,0.024539689,0.02718581,0.039397467,1.8155692,0.00020437,-1.04E-05
157,-99.683347,17.549986,7.380052948,"Omiltempi, Guerrero",,MEX,Neotropic,2296,0.002359609,0.001590934,0.016617812,0.013319524,-0.012686591,0.05607121,2.1313045,0.001024226,2.64E-06
158,-97.883319,17.183319,7.395017894,"San Andrés Chicahuaxtla, Oaxaca",,MEX,Neotropic,2006,0.002527128,0.023259655,0.02494481,0.021964144,0.0077001,0.06317875,2.1649222,0.000695599,-2.07E-05
159,-96.666653,17.166681,7.395689708,"Cerro San Felipe, Oaxaca",,MEX,Neotropic,3246,0.000408197,0.028894117,0.02236942,0.020761842,0.00725625,0.066395424,2.2328727,0.000808599,-2.07E-05
160,-97.116681,16.200014,7.433640012,"Sierra de Maihuatlán, Oaxaca",,MEX,Neotropic,1786,0.001440857,0.025640156,0.019103711,0.01668237,-0.033218067,0.061578218,2.0852396,0.000391438,3.54E-05
161,-92.733319,16.166681,7.43491061,"La Sepultura, Chiapas",,MEX,Neotropic,621,-0.000307088,0.03581321,0.024043132,0.022854853,-0.014673492,0.055675726,1.5252664,-9.42E-05,3.44E-05
162,-99.666653,18.616681,7.334786714,"Sierra de Taxco, Guerrero",,MEX,Neotropic,2274,0.001357475,0.006862145,0.01563469,0.013091167,0.021822998,0.06791364,1.9529576,0.000855278,-2.17E-05
163,-99.316653,18.983347,7.318634214,"Ocuilan, State of M‚xico",,MEX,Neotropic,2161,0.000970924,0.024651479,0.029798727,0.027512863,-0.004769842,0.04745037,2.071032,0.000360985,3.83E-05
164,-98.633319,21.083319,7.220329883,"Tlanchinol, Hidalgo",,MEX,Neotropic,649,0.001430453,0.034549765,0.02558513,0.024830112,0.018122146,0.019817708,1.3735424,-6.23E-05,-0.000168413
165,-96.383319,17.633319,7.376609306,"Sierra de Juárez, Oaxaca",,MEX,Neotropic,1036,0.000581577,0.030721141,0.024842674,0.023477457,0.008647864,0.0380961,1.6914593,0.000254056,-5.66E-05
166,-89.089264,14.314319,7.501514425,Cerro El Pital,,SLV,Neotropic,1877,-0.001095129,0.05412648,0.03318768,0.03412667,0.03089715,0.03464129,1.5042812,-0.000649405,0.000125929
167,112.249986,-7.949986,7.669606311,Gunung Kawi,,IDN,Indomalayan,702,-0.001367104,0.03176083,0.01989474,0.019744169,0.059558425,0.022948945,0.97315747,-4.2E-05,4.75E-05
168,112.716681,-8.083319,7.667060286,Gunung Semeru,,IDN,Indomalayan,512,-0.001300992,0.028162872,0.017646307,0.017496947,0.029608803,0.021796972,1.2423054,-7.15E-06,5.68E-05
169,115.466681,-8.333319,7.662173208,Gunung Agung,,IDN,Indomalayan,1559,-0.000543428,0.020403408,0.017596513,0.017096886,0.01655474,0.019567328,1.1736747,0.000344403,0.000104913
170,116.416653,-8.399986,7.660845039,Gunung Rinjani,,IDN,Australasia,2035,-0.00156948,0.02066001,0.019285044,0.01904879,-0.053574592,0.015005761,1.113929,7.58E-05,0.000222443
171,106.433347,-6.699986,7.691428614,Haliman,,IDN,Indomalayan,1593,-0.002185017,0.030727016,0.022301972,0.021728849,0.052594356,0.019855252,0.94783825,-0.000242755,0.000305995
172,106.933347,-6.800014,7.689818643,Pangrango,,IDN,Indomalayan,1660,-0.001452666,0.033911645,0.02511186,0.024541115,0.02757966,0.01906166,1.0373996,-8.49E-05,0.0002735
173,119.966681,-5.366681,7.710619464,Gunung Lompobatang,,IDN,Australasia,1610,-0.001500492,0.028206384,0.017045295,0.016336357,0.04192894,0.018913658,1.0057302,0.00027214,0.000375087
174,140.266653,-4.716681,7.718442493,Puncak Mandala,,IDN,Australasia,2832,0.000643056,0.03672793,0.016769437,0.015859567,0.028373577,0.035799004,1.4762725,0.000547244,0.000199778
175,139.933347,-4.533319,7.720467417,Puncak Wisnumurti,,IDN,Australasia,3974,4.75E-05,0.038933486,0.016812993,0.01564372,0.029238313,0.032641876,1.4569386,0.000450581,0.00016781
176,103.099986,-4.066681,7.725259305,Dempo,,IDN,Indomalayan,1325,-0.000508609,0.027943278,0.01799217,0.016857302,-0.000288329,0.02577346,0.929673,0.000517249,0.000106004
177,103.483319,-4.333319,7.722584752,Bepagut,,IDN,Indomalayan,2352,0.000422484,0.029897274,0.019986851,0.019024022,0.027307892,0.025427068,1.1431099,0.000167292,0.00013591
178,103.333347,-4.233319,7.723607676,Patai,,IDN,Indomalayan,2222,0.000317452,0.029341169,0.0192877,0.018318607,-0.002549307,0.025971774,1.14416,0.000250107,0.000111446
179,136.749986,-4.033319,7.725582019,Gunung Leonard Darwin,,IDN,Australasia,3273,-0.001141743,0.04317346,0.01570878,0.014256947,0.06815956,0.0287077,1.4152085,0.000184542,9.08E-05
180,137.149986,-4.083319,7.725097373,Puncak Jaya/Mount Carstensz,,IDN,Australasia,3953,-0.000971384,0.043805778,0.017081913,0.016075337,0.036125097,0.028999118,1.7311592,0.000210129,9.59E-05
181,138.649986,-4.283319,7.723099193,Puncak Tricora,,IDN,Australasia,4085,0.00014261,0.038274214,0.015167508,0.013791747,0.02344542,0.031508997,1.530404,0.000389721,0.000122704
182,138.416681,-4.383319,7.722064354,Gunung Daam,,IDN,Australasia,2072,-0.000505415,0.03766102,0.014712621,0.012962949,0.020255148,0.027177077,1.365115,0.00026484,0.000134948
183,101.783319,-3.416681,7.731068923,Sumbing,,IDN,Indomalayan,0,-0.000583699,0.020957293,0.018832024,0.018266125,,0.018377474,0.16487198,0.00033246,3.95E-05
184,102.316653,-3.366681,7.731474073,Daun,,IDN,Indomalayan,1276,-0.000714531,0.030633366,0.020896366,0.019911878,-0.012352918,0.024420718,0.61759776,0.000401468,3.95E-05
185,120.016681,-3.383319,7.731339918,Gunung Rantemario,,IDN,Australasia,3189,-0.000537753,0.036908288,0.014892085,0.01389609,-0.004829987,0.025282405,1.2942474,0.00029501,4.68E-05
186,121.249986,-3.650014,7.729099361,Gunung Mekongga,,IDN,Australasia,2542,-0.000548144,0.036812864,0.015010173,0.01381276,0.028559282,0.026000882,1.2085208,0.000360488,9.47E-05
187,126.216681,-3.299986,7.732005219,Gunung Kelapat Muda,,IDN,Australasia,2604,-0.001912682,0.027270831,0.018509818,0.017529888,0.25774318,0.024508651,0.9168867,0.000226873,3.31E-05
188,129.466653,-3.166681,7.733035022,Gunung Binaya,,IDN,Australasia,2154,-0.00073205,0.030872777,0.01587718,0.01437417,0.096960336,0.03415705,0.7588114,0.00061985,1.49E-05
189,102.133319,-2.866681,7.735197445,Seblat,,IDN,Indomalayan,2063,-0.000499791,0.029825475,0.020664498,0.019343961,-0.030621298,0.026138123,0.9822976,0.000244038,8.29E-06
190,101.883319,-2.733319,7.736089747,Gedang,,IDN,Indomalayan,2167,-0.000889934,0.03057321,0.021774352,0.020550745,-0.0291473,0.026248598,0.97881055,0.000279633,2.53E-05
191,119.416653,-2.750014,7.735980369,Bukit Gandadiwata,,IDN,Australasia,2512,0.000190316,0.040256098,0.017521366,0.01622929,-0.002356333,0.029395077,1.3671323,0.000297783,2.29E-05
192,138.766653,-2.533319,7.737348317,Van Rees Mountains and Foja Mountains,,IDN,Australasia,1796,-0.001949542,0.04731334,0.015585899,0.013982829,0.049515743,0.03273481,0.4145069,0.000258025,3.74E-05
193,101.349986,-2.049986,7.739995471,Talang,,IDN,Indomalayan,1458,-0.000822799,0.02948359,0.02162563,0.020616427,-0.006914407,0.025787292,1.1231644,0.000264137,0.000156465
194,101.866681,-2.483319,7.737648035,Masurai,,IDN,Indomalayan,2486,-0.000506103,0.029723816,0.020902015,0.019635934,-0.034312893,0.025527785,1.1068685,0.000206528,4.49E-05
195,120.083347,-2.333319,7.738511365,Bukit Kambuno,,IDN,Australasia,2425,0.000565426,0.039955527,0.014490874,0.013180752,0.015352749,0.028841583,1.5048971,0.000165099,0.000103072
196,101.383319,-1.700014,7.74156389,Tujuh,,IDN,Indomalayan,1995,-0.000697423,0.027943686,0.020458123,0.019191315,-0.019509738,0.026552778,1.2424438,0.00041873,0.000257703
197,101.283319,-1.700014,7.74156389,Kerinci,,IDN,Indomalayan,2764,-0.000697423,0.027943686,0.020458123,0.019191315,-0.03288846,0.026552778,1.2424438,0.00041873,0.000268821
198,110.150014,-1.200014,7.743296911,Gunung Palung,,IDN,Indomalayan,865,-0.003047271,0.021349274,0.019625952,0.019105485,0.07185219,0.015190207,0.8113469,-0.000125963,0.00028864
199,120.199986,-1.350014,7.742839737,Gunung Nokilalaki,,IDN,Australasia,1529,-0.000930304,0.041126445,0.015932716,0.014730847,0.03316063,0.027658425,1.2874429,0.000397067,0.000305539
200,120.316653,-1.266681,7.74310036,Gunung Roroka Timbu,,IDN,Australasia,2204,-0.000933974,0.037780587,0.016165977,0.015198425,0.051620938,0.025405267,1.1684688,0.000368555,0.000314391
201,121.416653,-1.250014,7.743150495,Gunung Katopasa,,IDN,Australasia,2148,-0.00038496,0.040054627,0.015525242,0.014463823,0.017684925,0.026315736,0.9694282,0.000242296,0.000333817
202,121.366681,-1.633319,7.741829588,Gunung Tambusisi,,IDN,Australasia,1737,-0.000612808,0.04184782,0.014864957,0.013699559,0.046421602,0.026971513,1.183481,0.000170394,0.000385896
203,121.683347,-1.600014,7.741958289,Gunung Tokala,,IDN,Australasia,1256,-0.000693488,0.03723328,0.014970726,0.013941349,0.040181775,0.023315892,1.122884,6.83E-05,0.000401273
204,133.816653,-1.450014,7.742505081,Gunung Lina,,IDN,Australasia,2360,0.000893425,0.046731263,0.013679931,0.012270355,0.06764956,0.04557758,0.94668686,0.000579071,0.000407097
205,110.216681,-1.066681,7.743658141,Gunung Panti,,IDN,Indomalayan,515,-0.003627306,0.026154784,0.022701358,0.02227256,0.071874596,0.0160716,0.8108512,-0.000203475,0.000532614
206,112.416653,-0.699986,7.744432468,Bukit Baka,,IDN,Indomalayan,803,-0.001597274,0.023064282,0.017520908,0.016806453,0.08908021,0.02023519,1.1255597,5.07E-05,0.000574683
207,112.716681,-0.633319,7.744538714,Bukit Raya,,IDN,Indomalayan,1527,-0.001399344,0.022872975,0.017304705,0.016637206,0.09970368,0.020274982,1.1309905,9.03E-05,0.000593792
208,132.399986,-0.666681,7.744486874,Kwoka,,IDN,Australasia,1561,-0.000624464,0.0468266,0.01696218,0.015266142,-0.029292159,0.04235115,0.83775085,0.000217545,0.000647409
209,100.433347,-0.333319,7.744885342,Marapi,,IDN,Indomalayan,1086,-0.00110646,0.023564767,0.019053753,0.017986557,0.036696155,0.02481987,1.0634291,0.000285844,0.000646303
210,100.316653,-0.383319,7.744842512,Singgalang,,IDN,Indomalayan,2037,-0.000994861,0.023259412,0.019187517,0.018322881,0.013912737,0.02281692,0.85393596,0.000301656,0.000725224
211,99.983319,0.066681,7.745012829,Talamau,,IDN,Indomalayan,2384,-0.001175182,0.022322847,0.0193291,0.018178727,0.03432276,0.023978677,0.85293686,0.000259703,0.000598303
212,100.633319,-0.383319,7.744842512,Malintang Sago,,IDN,Indomalayan,848,-0.001408871,0.022731911,0.017513746,0.016157119,0.021330083,0.02488564,1.0545276,0.000331183,0.000752423
213,99.550014,0.633319,7.744538714,Sorik Merapi,,IDN,Indomalayan,1566,-0.000298152,0.020236125,0.018515026,0.017470554,0.035974994,0.023682682,0.8807638,0.000301585,0.000413047
214,120.266681,0.649986,7.744513148,Gunung Ogoamas,,IDN,Australasia,980,-0.002206774,0.032263756,0.01659564,0.01578212,0.026121166,0.022092266,0.7967301,0.000390081,0.000453447
215,120.766681,0.749986,7.744345811,Gunung Maling,,IDN,Australasia,337,-0.001988744,0.033413805,0.016607258,0.015640726,-0.013652968,0.022757068,0.88018686,0.000271835,0.000460831
216,125.166653,1.483319,7.742388319,Gunung Klabat,,IDN,Australasia,1089,-0.00223527,0.031215433,0.02093698,0.020709593,0.033497475,0.020764109,0.3724334,8.23E-05,0.000415362
217,115.249986,3.183319,7.732908807,Iban Range,,IDN,Indomalayan,450,0.001397024,0.026507137,0.007505061,0.005261912,-0.016836617,0.042494643,1.4919308,0.000922974,0.000658235
218,97.199986,3.766681,7.728065876,Leuser,,IDN,Indomalayan,2954,0.0008787,0.022384584,0.021033565,0.019767838,-0.006427457,0.029053582,1.2828175,0.000413101,8.06E-05
219,97.783319,3.766681,7.728065876,Bandahara,,IDN,Indomalayan,2531,7.92E-06,0.024231834,0.022322474,0.0209125,-0.02950792,0.02641609,1.3208287,1.01E-05,9.46E-05
220,97.483319,4.083319,7.725097373,Lembu,,IDN,Indomalayan,1400,0.000348249,0.023254741,0.021586781,0.020174135,-0.017759414,0.02852699,1.315461,0.00031038,7.34E-05
221,95.633319,5.050014,7.714556314,Hulumasen,,IDN,Indomalayan,2084,-0.000568881,0.025200475,0.021582033,0.020719515,0.047348615,0.019677604,0.61021453,5.43E-05,0.000171795
222,96.300014,4.933319,7.715946903,Kemiki,,IDN,Indomalayan,1986,0.001057732,0.023269948,0.02023237,0.01927558,-0.003488857,0.023337483,0.9972734,0.000157613,0.000144607
223,96.749986,4.333319,7.722584752,Abong-Abong,,IDN,Indomalayan,2259,0.000110965,0.024994757,0.02330153,0.022091739,0.005403268,0.026121713,1.1306981,0.000200081,2.11E-05
224,96.883319,4.849986,7.716920094,Kapal,,IDN,Indomalayan,1621,0.000287476,0.024748338,0.022872595,0.021972682,-0.016801814,0.022931756,1.04659,-0.000120952,-1.31E-05
225,29.983347,-7.500014,7.67788817,Marungu Highlands,,ZAR,Paleartic,2416,-0.000246926,0.027137656,0.008694802,0.008085969,0.02579042,0.053988554,1.7439463,0.000483953,0.000185922
226,29.049986,-5.133319,7.713543786,Kabobo Mountain,,ZAR,Paleartic,2552,-0.000892702,0.0322382,0.01002019,0.009110839,0.032901756,0.070392884,1.7867042,0.000988351,0.000646355
227,29.583319,-3.933319,7.726533432,Bururi,,BDI,Paleartic,1582,-0.000117742,0.03922891,0.014041349,0.013474144,0.03289825,0.05724224,1.8252933,0.000341698,0.00081426
228,28.583319,-3.416681,7.731068923,Itombwe Mountains,,ZAR,Paleartic,1674,-0.000975026,0.04511684,0.014125917,0.013498928,-0.006845189,0.060322665,2.232763,0.000269268,0.000875909
229,29.333319,-2.716681,7.73619809,Kibira,,BDI,Paleartic,2430,0.000258186,0.038087767,0.005860017,0.004720199,0.004633079,0.08537953,2.117218,0.000892278,0.001034658
230,10.333319,-2.383319,7.738229559,Monts Doudou,,GAB,Paleartic,227,0.00050475,0.040362034,0.019509152,0.01901808,0.03160999,0.025822205,0.9039775,-0.000308693,0.001062656
231,28.950014,-2.349986,7.738418092,Bushenyi Forest,,ZAR,Paleartic,1488,-0.000185743,0.03933508,0.013486341,0.012897993,0.01079715,0.056818686,2.1061134,3.69E-05,0.001062656
232,29.333319,-2.500014,7.737548623,Nyungwe Forest,,RWA,Paleartic,2411,0.000224191,0.04202513,0.008815917,0.00767019,-0.007700652,0.07788929,2.1504083,0.000683263,0.001060385
233,28.833319,-2.049986,7.739995471,Kahuzi-Biega Mountains,,ZAR,Paleartic,2530,-0.000473716,0.03713872,0.011956341,0.011258685,0.003266655,0.053692542,2.1556375,0.000511669,0.001054667
234,29.083319,-2.116681,7.739663378,Shushu,,ZAR,Paleartic,2094,-0.000183372,0.025623305,0.014023806,0.013459343,0.009789391,0.035018608,2.0983295,0.000160093,0.001075171
235,28.916681,-1.950014,7.740473358,Mitumba,,ZAR,Paleartic,1786,-0.000473716,0.03713872,0.011956341,0.011258685,0.005065932,0.053692542,2.1556375,0.000511669,0.001048565
236,29.439847,-1.772542,7.741262891,Giswati Forest,,RWA,Paleartic,2690,0.000103242,0.036607396,0.012831315,0.012249213,0.0115721,0.052212343,2.1982527,0.000404697,0.001007821
237,29.533319,-1.966681,7.740395345,Mukura Forest,,RWA,Paleartic,2455,0.000410684,0.04013405,0.010171738,0.009196367,0.006069865,0.06848309,2.148705,0.000555238,0.001039228
238,11.883319,-1.616681,7.741894214,Monts du Chaillou,,GAB,Paleartic,818,0.000409419,0.042773243,0.022324022,0.022006556,0.004596559,0.027747327,1.1944032,-0.000181854,0.00100921
239,29.233347,-1.466681,7.742446981,Virunga Volcanoes,,ZAR,Paleartic,2267,-0.000411774,0.04723989,0.013977717,0.01288186,0.023929602,0.053757984,2.2306004,0.0003475,0.001004205
240,29.700014,-1.033319,7.74374188,Bwindi Forest,,UGA,Paleartic,1930,0.00028069,0.045639507,0.01432141,0.013058927,0.014892709,0.05662295,2.0789523,0.000703768,0.001057884
241,29.416681,-0.166681,7.744984935,Mount Tshiaberimu,,ZAR,Paleartic,2718,0.000209168,0.0383332,0.014275199,0.014307915,0.001506236,0.038789723,2.0040994,0.000339208,0.001062402
242,29.950014,0.249986,7.744943445,Rwenzori Mountains,,UGA,Paleartic,2443,4.56E-05,0.04150103,0.019158607,0.019341566,0.029230354,0.03263289,1.985776,0.000396616,0.001049942
243,10.600014,0.583319,7.744611427,Monts de Christal,,GAB,Paleartic,513,7.56E-05,0.04928357,0.023377405,0.02272224,-0.005955483,0.03745622,1.160801,-0.000101085,0.00100829
244,29.833319,0.499986,7.744719332,Rwenzori Mountains,,ZAR,Paleartic,1956,0.000104658,0.041412923,0.020470874,0.020505458,0.017929971,0.02525782,1.956077,-0.000107361,0.001009001
245,13.199986,1.116681,7.743527659,Monts de B‚linga,,GAB,Paleartic,770,-0.001623661,0.047292005,0.029521124,0.029590225,-0.024629204,0.02925384,1.005205,-0.000296485,0.000825454
246,34.549986,1.249986,7.743150578,Mount Elgon Forest,,UGA,Paleartic,3393,-0.000246433,0.013750579,0.018294292,0.017704628,0.06062404,0.006838045,2.05611,0.000169963,0.000796106
247,46.916681,-22.200014,7.164069806,Andringitra Massif,,MDG,Paleartic,2385,-0.000511402,0.026867362,0.025770018,0.026599031,-0.00564703,0.012120078,-1.2301419,-0.000263122,0.001238079
248,33.049986,-19.783319,7.282346236,Chimanimani Mountains,,MOZ,Paleartic,1944,-0.00160186,0.024857828,0.017856324,0.018932525,-0.03964764,0.013104144,0.6182275,-0.000248539,0.001011409
249,34.049986,-18.450014,7.342028741,Mount Gorongosa,,MOZ,Paleartic,1597,-0.000919169,0.026776826,0.016253676,0.017044472,-0.056143746,0.018668054,0.41351643,-0.000274932,0.001294398
250,47.299986,-18.833319,7.325279851,Ankaratra Massif,,MDG,Paleartic,1286,-0.000734617,0.027542673,0.030417474,0.030540233,-0.003184834,0.020690424,-0.8910087,0.000354208,0.001157738
251,35.733347,-16.500014,7.422090309,Mount Chiperone,,MOZ,Paleartic,1204,-0.000618583,0.043859396,0.030989248,0.031979498,-0.025231171,0.003468287,-0.076873705,-0.000968574,0.000718947
252,35.583319,-16.000014,7.441225573,Mulanje Mountain,,MWI,Paleartic,1563,-0.000681372,0.03648558,0.02423866,0.02469852,-0.035772607,0.00746468,0.24844983,-0.000609728,0.000617459
253,37.004819,-15.348875,7.465287363,Namuli Massif,,MOZ,Paleartic,1444,-0.000292671,0.02862295,0.0191752,0.019428685,-0.059785243,0.012345623,0.18125519,-0.000464519,0.001082411
254,34.349986,-14.333319,7.500871331,Dedza Mountain,,MWI,Paleartic,1589,-0.00115419,0.03381101,0.025683952,0.026273746,-0.001945151,0.003949654,0.43405536,-0.0004895,0.001130963
255,34.249986,-14.466681,7.496333975,Mount Domue,,MOZ,Paleartic,1524,-0.00136729,0.035109118,0.026610026,0.027433192,-0.008065956,0.001321687,0.62152594,-0.000534513,0.001130174
256,49.249986,-14.433347,7.497471939,Massif du Marojejy,,MDG,Paleartic,1770,-0.00040071,0.035186265,0.032896556,0.032298375,0.0657646,0.033685137,-1.0205312,0.00027288,0.001244499
257,48.849986,-13.949986,7.513684761,Massif du Tsaratanana,,MDG,Paleartic,1229,0.001270195,0.031825934,0.030787863,0.029746383,0.07663368,0.031995304,-1.0887492,0.000120201,0.001186263
258,33.831708,-10.584486,7.611529126,Nyika Plateau,,MWI,Paleartic,2316,-0.000797991,0.03551121,0.018443521,0.018797949,0.018066764,0.025000226,1.1378425,6.81E-05,1.8E-05
259,-79.366681,-4.783319,7.717686749,Lagunillas,,ECU,Neotropic,2739,0.000312369,0.03402442,0.018169714,0.018069135,-0.030658748,0.024822924,2.4410865,5.83E-05,-3.84E-05
260,-78.333347,0.600014,7.744587813,Intag,,ECU,Neotropic,2549,-0.000683581,0.058097277,0.021394359,0.021914957,-0.01578693,0.051855814,2.3254688,-0.000104855,-0.000135217
261,-78.416653,0.583319,7.744611427,Cotacachi-Cayapas,,ECU,Neotropic,3265,-0.000683581,0.058097277,0.021394359,0.021914957,0.001568915,0.051855814,2.3254688,-0.000104855,-0.000135217
262,9.166681,4.116681,7.724770682,Mount Cameroon,,CMR,Paleartic,1452,0.000840707,0.030776333,0.014381393,0.013104619,-0.021906855,0.02874776,1.1547457,-0.000179739,-0.000543099
263,9.100014,4.833319,7.717112753,Rumpi Hills,,CMR,Paleartic,227,0.000894384,0.037465207,0.01823904,0.01688199,0.000463484,0.030341644,1.0929801,-0.000231876,-0.000326261
264,9.850014,5.016681,7.714956832,Mount Manenguba,,CMR,Paleartic,2200,-0.000286,0.03755807,0.020208357,0.01975686,-0.036964566,0.03049294,1.3808365,-0.000198439,-0.000373191
265,9.916681,4.883319,7.716532804,Mount Nlonako,,CMR,Paleartic,592,0.000150539,0.036650233,0.018482743,0.017817302,-0.05193838,0.03167487,1.2485597,-0.000108074,-0.0006575
266,9.701097,4.797208,7.717527901,Mount Kup‚,,CMR,Paleartic,1932,0.000241823,0.03789565,0.019423641,0.018742241,-0.019146401,0.031210667,1.2215303,-0.000206222,-0.000612284
267,10.533319,6.199986,7.699120227,Mount Kilum/Idjim,,CMR,Paleartic,2698,-0.000905277,0.027069714,0.019414844,0.019588694,0.014258007,0.028349973,1.8815476,7.52E-05,-0.000333588
268,10.083319,5.666681,7.706669767,Bamboutos Forests,,CMR,Paleartic,2132,-0.001145798,0.032970805,0.020637214,0.020954827,-0.006450868,0.026857328,1.7843866,8.15E-06,-0.000346186
269,-8.459819,7.554514,7.676910589,Mount Nimba,,CIV,Paleartic,736,-0.000890729,0.029956894,0.022864455,0.023390675,0.010012051,0.012073841,1.4056385,-0.000662735,-0.000246734
270,12.149986,7.266681,7.681994004,Tchabal Mbabo,,CMR,Paleartic,1846,-0.001157229,0.017812837,0.020130692,0.019999411,-0.001992546,0.04054995,1.5075787,0.000130702,-0.000241306
271,13.833319,8.499986,7.658833112,Hoséré Vokré,,CMR,Paleartic,299,-0.000524351,0.035333157,0.03473911,0.034352906,-0.011587671,0.031778764,0.36751297,-0.000416427,-0.000150509
272,9.249986,6.499986,7.694576469,Obudu Plateau,,NGA,Paleartic,732,-0.000115734,0.02543807,0.018470017,0.01829333,-0.04291147,0.023847215,1.0782145,-8.68E-05,-0.000101715
273,11.833319,8.333319,7.662173208,Mambilla Plateau,,NGA,Paleartic,478,-0.000943099,0.017491903,0.02069416,0.020494783,-0.015484822,0.05000623,1.0769464,-1.44E-05,1.65E-05
274,8.899986,9.949986,7.62701021,Jos Plateau,,NGA,Paleartic,1176,-0.000962031,0.007915338,0.016745476,0.015965762,0.000664478,0.052182198,1.4514741,0.000221269,-0.000237497
275,14.566653,-12.216681,7.567372414,Mount Môco,,AGO,Paleartic,1115,-0.000280729,0.029045207,0.01774622,0.017344499,-0.029048432,0.03466615,1.4894152,0.0002728,5.66E-05
276,14.149986,-10.699986,7.608609412,Vila Nova do Seles Forest,,AGO,Paleartic,148,0.001675503,0.013244265,0.010144706,0.007814983,-0.020410774,0.049362864,0.78633475,0.001586696,1.61E-05
277,14.166681,-10.550014,7.612394479,Conda Forest,,AGO,Paleartic,169,0.001616058,0.011337189,0.008531523,0.005883097,-0.020330591,0.051392715,0.77960205,0.001736162,-1.44E-05
278,14.199986,-10.466681,7.614474878,Assango Forest,,AGO,Paleartic,69,0.001616058,0.011337189,0.008531523,0.005883097,-0.019714653,0.051392715,0.77960205,0.001736162,-3.21E-05
279,14.183347,-10.416681,7.615715302,Gabela Forest,,AGO,Paleartic,102,0.001602376,0.008966825,0.006529663,0.00352077,-0.019354802,0.052923054,0.76921195,0.001843405,-0.000126967
280,14.116681,-10.100014,7.623435043,Mumbondo Forest,,AGO,Paleartic,89,0.001585168,0.002619325,0.000725761,-0.002965709,-0.015322141,0.054855753,0.7429905,0.001989309,-0.000137205
281,6.583319,0.266681,7.744933134,Pico de Sao Tomé,,STP,Paleartic,1225,0.000633534,0.006805242,0.007297958,0.006910234,-0.002803381,0.01463218,1.0697042,-8.47E-09,0.000240834
282,-76.000014,1.566681,7.742084444,Cueva de los Guácharos,,COL,Neotropic,1037,-0.002230041,0.041499782,0.01807481,0.017703857,-0.011985293,0.035512768,2.0207586,0.00024948,0.000455531
283,-76.516681,2.150014,7.739493421,Puracé,,COL,Neotropic,3418,-0.002117175,0.04948839,0.020998728,0.02127757,0.001095961,0.045251988,2.8168962,-0.000135537,0.00050337
284,-76.949986,2.549986,7.737247082,Munchique,,COL,Neotropic,2144,-0.002762244,0.053876687,0.024461288,0.024620743,-0.061673425,0.04846916,2.0325754,-0.000103561,0.000538892
285,-73.918597,2.748847,7.735988036,Sierra de la Macarena,,COL,Neotropic,386,-0.00478094,0.0433094,0.03102025,0.031808574,-0.041842107,0.015020372,1.387077,-0.000658259,0.000547146
286,-76.766681,3.200014,7.732781495,Los Farallones de Cali,,COL,Neotropic,2157,-0.002400589,0.05847473,0.026480397,0.026809879,-0.16615862,0.051005665,2.2045875,-0.000449094,0.000590133
287,-76.235014,3.165819,7.733041543,Santa Helena,,COL,Neotropic,1225,-0.002217453,0.05281512,0.020705078,0.022096565,0.022870265,0.04138584,2.2431488,-0.000299026,0.000570534
288,-75.966681,2.983319,7.734382234,Nevado de Huila,,COL,Neotropic,3896,-0.003821747,0.049941834,0.018877309,0.019679636,0.0360662,0.040038098,2.9409127,-0.000316158,0.000549201
289,-76.800014,3.499986,7.730380654,Cerro de San Antonio,,COL,Neotropic,1536,-0.002868892,0.059301496,0.025933867,0.02626667,-0.08680808,0.05403154,1.8742958,-0.00023851,0.000590855
290,-75.467486,4.615569,7.719569009,Alto Quind¡o,,COL,Neotropic,3246,-0.004185841,0.05657243,0.02099148,0.02102891,0.041221045,0.029364688,2.8884048,-0.000851401,0.000848109
291,-73.800014,4.283319,7.723099193,Monterredondo,,COL,Neotropic,2165,0.000460765,0.023975303,0.00630051,0.004974879,-0.016467512,0.038875103,2.6673226,0.001460892,0.000808633
292,-73.744153,4.543597,7.720356033,Páramo de Chingaza,,COL,Neotropic,3170,0.000159222,0.024750415,0.005601116,0.004449377,-0.013889623,0.039464626,3.0388355,0.001108524,0.00077219
293,-76.498958,4.763708,7.717910256,Cerro del Torré,,COL,Neotropic,2079,-0.003613439,0.06572011,0.027768357,0.02843738,-0.021569127,0.058113366,1.3948642,-0.000170259,0.000716024
294,-76.199986,4.866681,7.716726449,Alto de los Galápagos,,COL,Neotropic,1181,-0.003427834,0.06570537,0.026610078,0.027200744,0.023640791,0.056426417,2.0439136,-0.00020122,0.00070737
295,-76.083347,4.983319,7.715355051,Cerro Tatamá,,COL,Neotropic,2423,-0.002777622,0.06421435,0.024949446,0.025641583,-0.014209255,0.05482916,2.0462413,-0.000177003,0.000632271
296,-75.599986,4.633319,7.719373014,Ucumarí,,COL,Neotropic,1771,-0.003864995,0.056887526,0.0207125,0.02111481,0.021459725,0.036243685,2.645096,-0.000600971,0.000637921
297,-75.500014,5.082208,7.714166971,Río Blanco Watershed,,COL,Neotropic,2184,-0.004232774,0.05923295,0.021383945,0.022095779,-0.01620011,0.03712411,2.7135866,-0.000496996,0.000540404
298,-75.449986,4.766681,7.717876432,Los Nevados,,COL,Neotropic,4118,-0.004162635,0.056175683,0.019501444,0.019562326,0.026951522,0.03681889,2.7854915,-0.000547762,0.000550385
299,-73.667514,4.831403,7.717134858,Valle de Jesús forest,,COL,Neotropic,1780,0.000497816,0.021127395,0.002803607,0.001632457,-0.02595269,0.04714218,3.034775,0.001681884,0.000550385
300,-76.001125,5.384736,7.710387812,Alto de Pisones,,COL,Neotropic,695,-0.003101613,0.06448344,0.024495043,0.025347838,-0.00772662,0.053096626,2.212769,-0.000447798,0.000531619
301,-73.433347,5.900014,7.703449838,Cerro Carare,,COL,Neotropic,2847,-0.000726177,0.0277973,0.010172785,0.010054593,-0.04343332,0.044060033,3.0615373,0.000219468,0.000518607
302,-72.349986,6.400014,7.69611437,Sierra Nevada del Cocuy,,COL,Neotropic,4002,-2.94E-05,0.017800476,0.009983426,0.008691895,0.016079817,0.04512045,3.1429791,0.000823695,0.000602674
303,-76.150014,6.650014,7.692224032,Las Orquídeas,,COL,Neotropic,2592,-0.003264246,0.062127344,0.02346762,0.024320623,-0.02204916,0.04818546,2.4571593,-0.000604022,0.000690021
304,-73.416653,6.783319,7.690089003,Cuchilla del Ramo,,COL,Neotropic,1768,-0.004361139,0.047538217,0.029390441,0.029634386,-0.017377011,0.037482854,2.027757,-0.000622284,0.00082751
305,-72.433347,7.400014,7.679663606,Páramo de Tamá,,COL,Neotropic,2871,-0.001591455,0.028082665,0.015939835,0.01600141,-0.001901119,0.041305467,2.790544,2.35E-05,0.000953465
306,-72.916653,10.483319,7.614060814,Cerro Pintado,,COL,Neotropic,2306,-0.003890257,0.045501556,0.031142898,0.032085683,-0.001121062,0.029750181,1.9055381,-0.000680338,0.00073142
307,-73.644458,10.986236,7.601238552,Sierra Nevada de Santa Marta,,COL,Neotropic,1896,-0.001920724,0.033985425,0.020594757,0.02094013,-0.17160593,0.030620676,2.5652664,-0.000271853,0.000614022
308,-71.333347,12.149986,7.569298691,Serranía de Macuira,,COL,Neotropic,410,-0.002531041,0.019232292,0.016278945,0.016134957,-0.009005304,0.020425986,1.392115,-0.000153027,0.00021232
309,-102.599986,19.216681,7.308197994,"Sierra de Manantlán, Jalisco-Colimba",,MEX,Neotropic,483,0.000229412,0.027740546,0.036980234,0.03480384,-0.007916009,0.0515123,1.8408772,-0.000489835,-0.000156911
310,148.066653,-9.500014,7.637415627,Mount Obree,,PNG,Australasia,2439,0.0033092,0.020213304,0.011636021,0.008813694,0.010857712,0.051138133,0.5525995,0.001797528,0.000102318
311,149.600014,-10.083319,7.623835501,Mount Simpson,,PNG,Australasia,1235,0.001920836,0.012182716,0.011593357,0.009006444,0.058976922,0.029668953,0.15944637,0.001125048,-6.95E-05
312,149.249986,-9.833319,7.629753817,Mount Dayman,,PNG,Australasia,2317,0.002655349,0.016045276,0.013140104,0.010530788,0.027199825,0.038444195,0.2904325,0.001086923,-3.02E-05
313,148.883319,-9.816653,7.630143132,Mount Suckling,,PNG,Australasia,1674,0.002586982,0.018250788,0.014402474,0.011704827,0.036949188,0.038856573,0.23230796,0.000816191,-7.56E-06
314,147.533347,-8.866681,7.651253473,Mount Victoria,,PNG,Australasia,3398,0.002784704,0.018471254,0.008595718,0.005561402,0.03889595,0.05638044,0.59729064,0.002153291,0.000314276
315,147.333319,-8.883319,7.650902039,Mount Albert Edward,,PNG,Australasia,1053,0.002221828,0.019622829,0.009408383,0.006504576,0.026690781,0.05186962,0.4571237,0.001920771,0.000314276
316,146.983347,-8.149986,7.665771502,Mount Saint Mary,,PNG,Australasia,2950,0.002957912,0.024589421,0.014909576,0.011649057,0.0387799,0.05029168,0.9409645,0.00122475,0.000309736
317,146.583319,-7.716681,7.673960166,Mount Lawson,,PNG,Australasia,1601,0.001917659,0.025008798,0.015936567,0.012651281,0.002732996,0.043666765,0.42994204,0.000708903,0.000159146
318,146.583319,-7.449986,7.678779345,Mount Amungwiwa,,PNG,Australasia,2188,0.002631862,0.019924948,0.012042976,0.008174118,0.006595902,0.05038898,0.7534204,0.001280255,1.07E-05
319,147.949986,-7.966681,7.669289819,Mount Strong,,PNG,Australasia,0,-0.00079491,0.009663218,0.004052768,0.002147612,0.006016785,0.024795873,-0.33361334,0.000796615,0.000343132
320,144.033347,-6.266681,7.698128547,Mount Ialibu,,PNG,Australasia,2292,0.0005406,0.021733114,0.016049732,0.013979212,0.001991547,0.036794618,1.0531375,0.000449422,-0.000149354
321,143.899986,-6.099986,7.700587319,Mount Giluwe,,PNG,Australasia,2985,0.000239735,0.022878608,0.016545251,0.015006307,-0.05081199,0.040910102,1.4790475,0.000610166,-0.000174794
322,145.083319,-6.616681,7.692751308,Crater Mount,,PNG,Australasia,2038,0.001501455,0.01889141,0.013260935,0.010791652,-0.02125895,0.036971945,0.8857275,0.000583527,-7.94E-05
323,145.333319,-6.416681,7.695859624,Mount Michael,,PNG,Australasia,2860,0.002327654,0.016458988,0.011368347,0.008347604,0.009308013,0.04654611,1.0654204,0.001207786,-0.000102549
324,144.716653,-6.166681,7.69961148,Mount Kubor,,PNG,Australasia,2366,0.000625786,0.018702604,0.014215103,0.011719697,-0.012523283,0.03661153,0.9985519,0.000391591,-2.84E-05
325,145.866681,-7.016681,7.686249976,Mount Yelia,,PNG,Australasia,2203,0.003288824,0.018680217,0.011327699,0.009143001,-0.011464667,0.050849073,1.0413616,0.001129463,3.83E-06
326,145.999986,-6.750014,7.69062637,Mount Piora,,PNG,Australasia,3288,0.003078699,0.014090631,0.008051072,0.005364222,0.021739453,0.0521945,0.9045761,0.001537318,3.09E-05
327,147.083319,-6.283319,7.697879513,Mount Bangeta,,PNG,Australasia,3711,0.00377028,0.015088694,0.009891895,0.008463555,0.039468236,0.045183927,0.9740225,0.000890165,3.77E-05
328,143.749986,-5.783319,7.705076373,The Sugarloaf,,PNG,Australasia,3067,0.000183124,0.022121565,0.015135692,0.013433002,-0.03352042,0.041572172,1.6722293,0.000597683,-0.000106295
329,143.749986,-6.000014,7.702030255,Mount Kerewa,,PNG,Australasia,2233,-0.000253814,0.023170354,0.01667744,0.014854014,0.000972848,0.037197646,1.5030311,0.000435027,-4.93E-05
330,143.716653,-5.900014,7.703449838,Doma Peaks,,PNG,Australasia,3013,-0.000227677,0.022820398,0.015909983,0.014112284,-0.030440083,0.037784066,1.606083,0.000417584,-8.2E-05
331,144.083319,-5.750014,7.705534652,Mount Haagen,,PNG,Australasia,2829,-0.000417391,0.022285113,0.016018754,0.014318798,-0.033737153,0.042369895,1.4001522,0.000729927,-0.000106372
332,145.466653,-5.983319,7.702268907,Mount Otto,,PNG,Australasia,2920,0.001423617,0.010122586,0.006148668,0.002789888,-0.10558702,0.050059836,0.93468857,0.002412854,-7.99E-05
333,144.983347,-5.900014,7.703449838,Mount Herbert,,PNG,Australasia,2699,0.001063335,0.019616617,0.014636721,0.012595104,0.010708415,0.0446502,1.285846,0.000786757,-9.95E-05
334,144.983347,-5.766681,7.705305643,Mount Wilhelm,,PNG,Australasia,3534,0.000212793,0.022287276,0.016912613,0.015432128,-0.08109925,0.03964814,1.2015113,0.000479646,-0.000139655
335,103.516681,2.033319,7.740076801,Gunung Belumut,,MYS,Indomalayan,87,-0.001209548,0.034776766,0.019683495,0.018674048,-0.020743236,0.027169101,0.9670069,-0.000495805,2.62E-05
336,110.333347,1.733319,7.741427231,Gunung Santubong,,MYS,Indomalayan,610,-0.000850744,0.018937794,0.014404377,0.013757639,0.060401306,0.018032897,1.1440623,0.000109369,0.000463461
337,111.999986,1.416681,7.742619288,Bukit Lanjak,,MYS,Indomalayan,385,-0.001751953,0.023778876,0.015443175,0.014571272,0.042204212,0.023836141,1.2297907,7.24E-05,0.00047578
338,112.984625,1.431042,7.742570409,Gunung Lawit,,MYS,Indomalayan,806,-0.001218955,0.023369092,0.015027959,0.014076505,0.05984951,0.02730532,1.2475753,0.000158898,0.00047578
339,102.599986,2.366681,7.738323996,Mount Ophir,,MYS,Indomalayan,862,-0.001240807,0.03441821,0.019453641,0.018600475,-0.009439777,0.024969101,0.96321106,-0.000123262,0.000578311
340,102.066653,2.833319,7.735424647,Gunung Telapak Burok,,MYS,Indomalayan,1012,-0.001187195,0.03592807,0.021132777,0.020157207,-0.002100506,0.027834143,1.0766029,-0.000132041,0.000796121
341,104.166653,2.766681,7.73587051,Gunung Kajang,,MYS,Indomalayan,421,-0.000495708,0.011661505,0.011450527,0.011163659,-0.029054558,0.011849014,0.9525381,-8.47E-09,0.001177973
342,114.866681,2.583319,7.737042629,Bukit Batu Bora,,MYS,Indomalayan,1457,0.001106318,0.025398409,0.008985294,0.007357595,-0.01697975,0.037778597,1.4937699,0.000571685,1.8E-05
343,114.650014,2.916681,7.73485196,Bukit Kenawang,,MYS,Indomalayan,1104,0.0008923,0.025178866,0.008113789,0.006337915,-0.023333024,0.037051737,1.4430788,0.000541476,-4E-05
344,114.566653,2.900014,7.734967787,Bukit Batu Mabun,,MYS,Indomalayan,670,0.000884202,0.024988426,0.008306687,0.006639144,-0.005465991,0.036393072,1.4270415,0.000493168,-5.51E-05
345,102.083347,3.833319,7.727461002,Gunung Benom,,MYS,Indomalayan,1706,0.000527396,0.02823711,0.012226332,0.01045545,0.014150185,0.039413564,1.3349273,0.000490565,-0.000165705
346,101.883319,3.383319,7.731339918,Gunung Bunga Buah,,MYS,Indomalayan,268,-0.00033983,0.030786583,0.015401964,0.013859706,0.021944806,0.03613719,1.233359,0.000450894,
347,101.300014,4.833319,7.717112753,Gunung Korbu,,MYS,Indomalayan,1187,0.001444752,0.02691014,0.012751583,0.010896254,0.02566209,0.047147464,1.4076047,0.000429515,
348,100.783319,4.900014,7.716337834,Bukit Larut/Maxwell Hill,,MYS,Indomalayan,471,-7.58E-05,0.02785743,0.015157803,0.013512465,0.05711475,0.03909085,1.0488884,0.000337995,0.000134558
349,101.499986,4.499986,7.720826921,Cameron Highlands,,MYS,Indomalayan,1120,0.001669941,0.029272776,0.013864152,0.01243866,0.037301105,0.043472786,1.4786073,0.000259805,0.000158556
350,102.283319,4.566681,7.72010495,Gunung Tahan,,MYS,Indomalayan,776,0.000354098,0.025944084,0.009698288,0.008212111,0.027585097,0.04123903,1.3362786,0.000337958,0.000126413
351,114.883319,4.166681,7.724276099,Gunung Benarat,,MYS,Indomalayan,124,0.001155823,0.02911026,0.008117647,0.006073088,-0.006006691,0.039068107,1.2811687,0.000665538,0.000151277
352,118.166653,4.966681,7.715552656,Gunung Silam,,MYS,Indomalayan,617,-0.001016655,0.02612454,0.01222609,0.011335554,0.006781387,0.026853953,0.75910205,0.000522035,8.3E-05
353,100.433347,5.783319,7.705076373,Kedah Peak,,MYS,Indomalayan,915,-0.000631306,0.024590822,0.015527604,0.014635294,0.074656695,0.028986556,0.91699827,0.000146549,7.4E-05
354,116.483319,5.566681,7.708010114,Gunung Trus Madi,,MYS,Indomalayan,1614,0.002713804,0.024971912,0.003234256,0.001127128,0.021014022,0.04760197,1.4224204,0.001628437,7.22E-05
355,116.499986,5.999986,7.702030656,Mount Kinabalu,,MYS,Indomalayan,1198,0.002702155,0.022701323,0.002857682,0.000524611,0.005737733,0.048505537,1.3916774,0.001463574,7.36E-05
356,116.133319,5.550014,7.708231198,Crocker Range,,MYS,Indomalayan,1123,0.002760664,0.023335397,0.00166577,-0.00055032,-0.012186482,0.046221983,1.3684654,0.001470037,7.04E-05
357,125.266681,6.983319,7.686806723,Mount Apo,,PHL,Indomalayan,2596,-0.002704538,0.06269894,0.028163036,0.028135736,0.14574923,0.02720545,0.3297405,-0.000467349,-0.000356626
358,-8.466681,7.533319,7.677291605,Mount Nimba,,LBR,Paleartic,463,-0.000890729,0.029956894,0.022864455,0.023390675,0.012953147,0.012073841,1.4056385,-0.000662735,-0.000703242
359,-8.466681,7.566681,7.676691386,Mount Nimba,,GIN,Paleartic,1024,-0.000890729,0.029956894,0.022864455,0.023390675,0.010012051,0.012073841,1.4056385,-0.000662735,-0.000703242
360,123.666653,8.199986,7.664798025,Mount Malindang,,PHL,Indomalayan,1612,-0.0020746,0.046689015,0.018634439,0.0181895,-0.010060023,0.026020052,0.4557197,-0.000346583,-0.001005633
361,124.499986,7.683319,7.67457223,Mount Ragang,,PHL,Indomalayan,2535,-0.000279928,0.050234575,0.018327232,0.017957015,0.017731065,0.03251424,0.9150398,-6.7E-05,-0.000861408
362,124.916653,8.116681,7.666416657,Mount Kitanglad,,PHL,Indomalayan,2758,-0.001426263,0.05000052,0.022883797,0.022737525,-0.028147602,0.028382085,0.8393988,-0.000449454,-0.001050718
363,-10.783319,8.949986,7.649487322,Sankan Biriwa,,SLE,Paleartic,709,-0.000786822,0.02791031,0.017358651,0.017792482,-0.029764421,0.016361445,1.4982224,-0.000428987,-0.000896975
364,-11.149986,9.199986,7.644088834,Mount Bintumani,,SLE,Paleartic,1099,-0.000679349,0.025370061,0.015207613,0.015585891,-0.031610075,0.017739575,1.4799982,-0.000329337,-0.000428703
365,117.716681,8.850014,7.651604866,Mount Mantalingajan,,PHL,Indomalayan,933,-0.00189374,0.019583719,0.01833954,0.01817647,-0.010669989,0.013233253,0.5946626,-9.45E-05,-4.05E-05
366,123.466681,8.249986,7.663818639,Mount Dapiak,,PHL,Indomalayan,342,-0.002587693,0.0470146,0.019045996,0.018641168,0.005386969,0.026811998,0.503622,-0.00032284,8.16E-05
367,77.199986,10.133319,7.622634212,Anamalai Hills,,IND,Indomalayan,1818,-0.000803717,0.047052994,0.020801194,0.020233227,-0.060695913,0.03681297,0.8212353,-3.72E-05,0.000118769
368,77.383319,10.233319,7.620214018,Palni Hills,,IND,Indomalayan,2222,-0.000734951,0.045281798,0.019836506,0.019145312,-0.021540841,0.038388122,0.9473175,-0.000128327,0.000133099
369,119.033319,10.166681,7.621829398,Cleopatra Needle,,PHL,Indomalayan,783,-0.002570495,0.017576989,0.018343097,0.017946359,0.018247304,0.009265303,0.44754326,-1.58E-05,0.000123132
370,118.266681,9.350014,7.64077842,The Teeth,,PHL,Indomalayan,797,-0.002221057,0.020144118,0.019823719,0.01959276,-0.011522774,0.009677699,0.4987898,-0.000109896,9.73E-05
371,123.166653,10.433347,7.615302496,Mount Canlaon,,PHL,Indomalayan,1509,-0.000912749,0.026428988,0.014907673,0.014141981,-0.008905231,0.019870814,0.32815742,0.000275745,0.000110648
372,124.683347,11.116681,7.597815969,Mount Tinagan,,PHL,Indomalayan,794,-0.000797196,0.02343469,0.015872344,0.015381756,0.015377953,0.017871592,0.12660381,0.000245286,0.00013618
373,124.800014,10.999986,7.600879661,Mount Lobi,,PHL,Indomalayan,773,-0.000983515,0.023842197,0.015922856,0.01540141,-0.013796289,0.018272717,0.1620173,0.000328606,9.77E-05
374,76.733319,11.366681,7.591145239,Nilgiri Hills,,IND,Indomalayan,1966,8.22E-05,0.04055392,0.020589126,0.019910164,-0.039953932,0.030246064,0.91487974,0.000120962,-2.99E-05
375,104.199792,12.042875,7.572370559,Phnom Aural,,KHM,Indomalayan,1240,-0.000292318,0.027270164,0.01959454,0.018881928,-0.007537169,0.02332167,1.1804749,-0.000579315,-6.31E-05
376,108.416653,11.933347,7.575484077,Mount Lang Bian,,VNM,Indomalayan,1525,0.000376274,0.025662871,0.013305008,0.01272026,-0.027637167,0.030112829,1.6113633,0.000228916,-7.68E-05
377,122.150014,11.383319,7.5906961,Mount Baloy,,PHL,Indomalayan,1240,-0.001062506,0.022002041,0.015442639,0.014665121,0.008860097,0.016766721,0.33645415,0.000230602,1.25E-06
378,121.166653,12.833319,7.549072158,Mount Baco,,PHL,Indomalayan,1794,-0.001128622,0.02200314,0.018537154,0.017967932,0.0373782,0.01365885,0.58173096,7.13E-05,-0.000141779
379,121.249986,12.583319,7.556598177,Mount Iglit/Mangibok,,PHL,Indomalayan,779,-0.000915865,0.02318711,0.020238174,0.020109568,0.03373659,0.008956929,0.4120441,-0.000298253,-6.26E-05
380,121.150014,13.283319,7.535159374,Mount Halcon,,PHL,Indomalayan,23,-0.001804245,0.023073945,0.019756263,0.019125579,0.022112217,0.010795,0.31055537,-1.57E-05,-0.000261062
381,122.550014,12.399986,7.562024834,Mount Guiting-Guiting,,PHL,Indomalayan,560,-0.00022426,0.012205718,0.013453642,0.013322491,0.011115104,0.01357699,0.066381484,-8.47E-09,6.86E-05
382,123.699986,13.266681,7.535682144,Mount Mayon,,PHL,Indomalayan,1220,-0.001135676,0.018076211,0.016060848,0.015278685,-0.002321169,0.014075623,0.08967647,0.000624277,-9.01E-05
385,123.383319,13.666681,7.522936307,Mount Isarog,,PHL,Indomalayan,1932,-0.000922131,0.017126575,0.016409455,0.015834212,-0.013837469,0.013032802,0.086175606,0.000293835,-4.31E-05
386,121.499986,14.433347,7.497471939,Mounts Banahaw and San Cristobal,,PHL,Indomalayan,463,-0.002333765,0.02228859,0.021021176,0.020746375,0.06275294,0.010152335,0.13800432,-0.000124958,-0.000175274
387,120.949986,18.033319,7.359860849,Sicapoo,,PHL,Indomalayan,1754,-0.000825698,0.01996237,0.019935096,0.019247726,-0.021689635,0.019899316,0.7726799,0.000209901,0.000372682
388,120.900014,16.683319,7.414932171,Mount Tabayoo,,PHL,Indomalayan,2126,0.000516071,0.026569705,0.023482889,0.022332681,-0.007715993,0.026446141,1.082673,0.000506488,-4.73E-05
389,120.999986,17.483347,7.3827954,Mount Sapocoy,,PHL,Indomalayan,1690,-0.000325877,0.024500994,0.023333548,0.022401514,-0.001905536,0.02067794,0.90612197,8.78E-05,0.000340464
390,120.883319,16.600014,7.418194764,Mount Pulog,,PHL,Indomalayan,2322,0.000516071,0.026569705,0.023482889,0.022332681,0.007082114,0.026446141,1.082673,0.000506488,-0.000110104
391,120.883319,17.166681,7.395689708,Mount Data,,PHL,Indomalayan,2223,0.000400783,0.027280753,0.025025502,0.023751289,-0.013199851,0.026343001,1.0210614,0.00032663,0.000178878
392,122.266681,17.016653,7.401719161,Mount Palanan,,PHL,Indomalayan,838,-0.000925451,0.016593764,0.018566765,0.017966904,0.030254368,0.013483962,0.22325605,0.00021485,7.76E-05
395,8.550014,3.333319,7.731741088,Gran Calera de Luba,,GNQ,Paleartic,1298,0.001878502,0.014243408,0.010487838,0.009718555,-0.047085878,0.020528711,1.1139904,-5.89E-05,-0.000410112
396,8.633319,3.333319,7.731741088,Pico Biao,,GNQ,Paleartic,1482,0.001673958,0.020355554,0.011620761,0.010751125,-0.030970616,0.02388597,1.1578287,-0.000127084,-0.000264417
397,8.766681,3.583319,7.729675589,Pico Basile,,GNQ,Paleartic,2760,0.000986677,0.028526349,0.01389539,0.012917085,-0.017732352,0.027458867,1.161552,-0.000209044,-0.000230607
398,29.513569,-1.460042,7.742470203,Volcans,,RWA,Paleartic,2610,0.000381121,0.04624898,0.013049793,0.012141964,0.018022196,0.06315342,2.2559645,0.00076469,7.97E-05
399,118.300014,9.384708,7.640005339,Victoria Peak,,PHL,Indomalayan,940,-0.001838952,0.018152535,0.0184452,0.018236168,-0.015533527,0.010775978,0.53444636,-9.41E-05,-5.4E-05
400,150.283042,-9.333319,7.641149422,Goodenough Island,,PNG,Australasia,720,0.000617243,0.011320909,0.011370856,0.01045211,0.06698547,0.026029013,-0.37355536,0.001007256,5.54E-05
401,150.549597,-9.433569,7.638911768,Fergusson Island,,PNG,Australasia,1602,0.001493314,0.015623867,0.015112154,0.015210129,0.05907673,0.020980986,-0.390404,1.02E-05,3.65E-05
402,141.300625,-5.101153,7.713936704,Mount Aiyang,,PNG,Australasia,2822,0.001029798,0.028391134,0.012180035,0.010500337,-0.017381683,0.035122257,1.1227665,0.000480687,0.000222587
403,152.057653,-4.771347,7.717823303,New Britain Island,,PNG,Australasia,1598,-0.00038062,0.010626652,0.012885814,0.010820052,0.13338667,0.028184135,0.10744377,0.000944749,0.000323995
404,152.879625,-4.252014,7.723418252,New Ireland Island,,PNG,Australasia,1182,-0.000441062,0.016046911,0.01670391,0.015982466,,0.026665,0.07383305,0.000676526,0.000361393
405,114.918931,4.011319,7.725793376,Gunung Mulu,,MYS,Indomalayan,1127,0.001551594,0.030421099,0.00969577,0.007545519,0.00873737,0.04016327,1.3606211,0.000649043,0.000145509
406,117.516986,4.965375,7.715568139,Gunung Lotong,,MYS,Indomalayan,735,0.000689784,0.028625475,0.008743037,0.00721635,0.054183543,0.03459783,1.060808,0.000648172,0.000190073
407,117.799514,4.816292,7.71730889,Segama Highlands,,MYS,Indomalayan,659,-0.000555565,0.030771056,0.012479948,0.011230926,0.016935492,0.03140257,0.9033711,0.000581504,0.000181304
408,117.902069,4.400458,7.7218846,Tawau Highlands,,MYS,Indomalayan,363,-0.000476156,0.030507836,0.01241346,0.011895631,0.013067856,0.027428158,0.7550701,0.000464663,0.000158353
409,-96.008431,17.140181,7.396758433,"Cempoaltépetl, Oaxaca",,MEX,Neotropic,3160,0.000546273,0.031821072,0.024097743,0.022912111,-0.01836514,0.048250787,1.8600476,0.000354151,0.000209053
410,-91.753125,14.667986,7.489407322,Volcán San Pedro,,GTM,Neotropic,712,0.000635691,0.04376438,0.02673698,0.026108192,-0.000245042,0.047641143,1.7812803,-0.000196106,0.000368987
411,-91.812597,14.595125,7.491925164,Volcán Tolimán,,GTM,Neotropic,312,-0.000186512,0.04849372,0.032231115,0.03181698,0.028062958,0.038440235,1.310699,-0.000605309,0.000372754
412,113.999986,3.999986,7.725901803,Gunung Mulu,,MYS,Indomalayan,27,0.000387027,0.025242906,0.007198287,0.005992993,-0.009076236,0.03293398,1.164468,0.000510311,-0.000495685
414,55.583319,-21.066681,7.221147307,Picon de Neiges,,REU,Paleartic,1623,0.001407194,0.031441297,0.031384334,0.031204065,-0.007945559,0.03973025,-3.397005,0.000227347,0.000347468
415,55.666681,-21.216681,7.213755684,Picon de la Fournaise,,REU,Paleartic,2264,0.001552074,0.03073891,0.030480467,0.030276228,-0.017152987,0.040051255,-3.1005952,0.000325121,0.000408558
416,37.450014,-2.983319,7.734382234,Mount Kilimanjaro,,TZA,Paleartic,2617,-0.00027699,0.032368045,0.02448159,0.024110077,-0.007012747,0.043030538,1.0697846,0.000319344,0.000140599
417,36.749986,-3.250014,7.732396229,Mount Meru,,TZA,Paleartic,4369,-0.000959227,0.030682854,0.024804879,0.024341462,0.046179935,0.036196046,0.8036315,0.000150155,0.000134767
418,35.916681,-7.833319,7.671799605,Uzungwa Mountains,,TZA,Paleartic,2077,-0.001151495,0.04349617,0.02409134,0.023977388,0.03360149,0.041970007,0.8727206,0.000214343,0.00015836
419,35.733347,-3.783319,7.727915844,Malundwe,,TZA,Paleartic,971,-0.000391832,0.023941876,0.019396124,0.018466013,0.021832198,0.04069447,0.8294801,0.000165117,5.43E-05
420,35.366681,-4.500014,7.72082662,Hanang,,TZA,Paleartic,1757,-0.000252839,0.023435563,0.016695276,0.015994092,0.017732421,0.04477832,1.2092292,0.000405213,0.000106164
421,35.499986,-3.166681,7.733035022,Ngorongoro,,TZA,Paleartic,1749,0.000278462,0.02470801,0.021747734,0.020947492,0.000933491,0.03680154,1.4921081,0.000273175,6.33E-05
422,29.833319,-6.166681,7.69961148,Mahale Mountains,,TZA,Paleartic,2237,-0.000742489,0.02911155,0.011887335,0.011520718,0.007745289,0.048927527,1.6223676,0.000491957,0.000321609
423,38.258819,-4.695958,7.718675357,Usambara Mountains,,TZA,Paleartic,2091,-0.000281849,0.03361559,0.021959083,0.020887638,0.026196891,0.046498243,0.22729325,0.000425824,0.000137338
424,37.499986,-0.166681,7.744984935,Mount Kenya,,KEN,Paleartic,2522,0.000319717,0.027801523,0.02886518,0.028916929,0.014330323,0.03014077,1.3929411,0.000275435,-0.000255145
425,36.933347,2.716681,7.73619809,Mount Kulal,,KEN,Paleartic,1783,-0.0001197,0.03414357,0.038468808,0.03708799,0.006100847,0.016727993,0.11477076,0.002024586,-0.00078324
426,37.999986,2.333319,7.738511365,Mount Marsabit,,KEN,Paleartic,1332,-0.001541568,0.043968245,0.04690327,0.04770885,0.023409108,0.004108452,-0.39486507,-0.000659019,-0.000748255
427,36.783319,1.183319,7.743344468,Karisia Hills,,KEN,Paleartic,1964,0.000204442,0.020914309,0.026277889,0.025558218,0.023660962,0.025252942,1.3066574,0.00069518,-0.000603806
428,37.433347,0.066681,7.745012829,Mount Mukogodo,,KEN,Paleartic,2800,0.000453857,0.025444498,0.027687155,0.027360942,0.007610901,0.027172292,1.442013,2.09E-05,-0.000330305
429,36.683347,-0.416681,7.74481061,Aberdare Hills,,KEN,Paleartic,3200,-0.001293703,0.026702292,0.027428115,0.027691644,0.044800643,0.023748798,1.6935182,0.000260779,-0.000275766
430,-65.500014,3.483319,7.730519682,Duida-Marahuaca,,VEN,Neotropic,1274,-0.003745222,0.025975337,0.025855502,0.02582121,-0.063211694,0.007275545,2.0161228,-0.000173035,-0.000832202
431,-66.666653,10.533319,7.612812573,El Avila,,VEN,Neotropic,1877,-0.002198108,0.03490444,0.016041808,0.016530242,-0.014541134,0.020448936,2.0594196,-0.000813666,0.000348213
432,-70.166653,9.183347,7.644452712,Guaramacal,,VEN,Neotropic,1696,-0.001176866,0.034502033,0.022056203,0.021989118,-0.032982245,0.028791513,2.5632353,-0.000183713,0.000146203
433,-67.849986,10.466681,7.614474878,Henri Pittier,,VEN,Neotropic,0,-0.002055482,0.024992682,0.019803036,0.01973327,-0.02498364,0.017528642,1.6913322,-0.000267479,0.000312829
434,-65.883319,1.233319,7.743200047,La Neblina,,VEN,Neotropic,568,-0.005532312,0.023644568,0.026737578,0.026845649,0.015474282,0.005891479,1.2947733,-0.000207603,-0.000397088
435,-69.666653,11.166681,7.596493522,Sierra de San Luis,,VEN,Neotropic,1015,-0.003090525,0.050240267,0.031345252,0.033220276,-0.021023767,0.022179618,1.6736834,-0.001314318,0.000332885
436,-64.000014,10.999986,7.600879661,Cerro El Copey,,VEN,Neotropic,125,-0.001057519,0.007833564,0.009027855,0.008633183,-0.006942323,0.010754515,1.9421868,-9.33E-06,0.000206581
437,-69.933347,11.816653,7.578770504,Cerro Santa Ana,,VEN,Neotropic,400,-0.001686497,0.029545216,0.017325623,0.017298356,-0.009883365,0.02876346,1.5268936,5.07E-05,0.00016721
438,-63.599986,10.199986,7.621023351,El Gu charo (Cerro Negro),,VEN,Neotropic,1488,-0.001632258,0.028861133,0.01464128,0.015031072,-0.000603015,0.022865683,2.2177439,-0.000314958,-7.97E-06
439,-62.000014,10.666681,7.609454535,Cerro Azul,,VEN,Neotropic,144,-0.001188452,0.015252578,0.017028667,0.016837025,-0.033656165,0.008826609,1.9373746,-8.47E-09,0.000118348
440,-63.866681,10.116681,7.623034605,Cerro Turumiquire,,VEN,Neotropic,2329,-0.000852815,0.028949758,0.013919602,0.014213235,0.005139831,0.023326073,2.270238,0.00011813,-0.000132861
441,-64.116681,10.183347,7.621426373,Cerro Peon¡a,,VEN,Neotropic,549,-0.000724559,0.034836177,0.01891891,0.01894737,-0.001123468,0.02146764,2.1739602,-0.000187704,-0.000137648
442,-69.266681,9.883319,7.628581907,Terepaima,,VEN,Neotropic,953,-0.003058559,0.05681563,0.03618179,0.03768123,-0.05040151,0.014182206,1.9072828,-0.001365601,-0.000206963
443,-69.533319,9.666681,7.633617061,Yacamb£,,VEN,Neotropic,668,-0.002546109,0.048999455,0.0312186,0.03215846,-0.042041097,0.02077167,2.2169895,-0.000932712,-0.000191573
444,-67.883319,10.366681,7.616949859,Palmichal,,VEN,Neotropic,1247,-0.002619863,0.039303478,0.022062846,0.021932326,-0.017269893,0.025463771,1.8955554,-0.000637389,-0.000147771
445,-67.533319,9.883319,7.628581907,Cerro Platill¢n,,VEN,Neotropic,1357,-0.001850775,0.06514596,0.03844271,0.039040692,-0.023859844,0.008247517,2.0011203,-0.001622602,-9.29E-05
446,-67.316653,10.416681,7.615715302,Pico Codazzi,,VEN,Neotropic,1844,-0.001608718,0.045622922,0.026017837,0.026467906,-0.009063729,0.015404585,1.9199524,-0.001020073,-0.000188148
447,-67.150014,10.366681,7.616949859,Macarao,,VEN,Neotropic,1903,-0.002145408,0.055185363,0.027282491,0.02832231,-0.013707785,0.015990095,2.133975,-0.001032611,-0.000183238
448,-62.633319,10.683347,7.609031956,Cerro Humo,,VEN,Neotropic,503,-0.001370902,0.013418287,0.015042941,0.014780337,-0.03197564,0.009830286,1.9386177,-2.32E-06,-0.000209902
449,-60.783319,5.233319,7.712306525,Roraima,,VEN,Neotropic,994,-0.000276916,0.015978996,0.008625873,0.007660978,-0.0340696,0.02390724,2.4416783,0.000585484,0.000251361
450,-60.966681,5.349986,7.710832977,Kukenan,,VEN,Neotropic,1532,-9.19E-05,0.013604101,0.006484922,0.005514117,-0.053746358,0.024024446,2.4400752,0.000758952,0.000242497
451,-61.783319,5.966681,7.702506085,Sierra de Lema,,VEN,Neotropic,1009,-0.000794342,0.016375968,0.009600407,0.008849447,-0.056143645,0.018343607,2.3186212,-0.000185193,0.000193166
452,-62.133319,5.383319,7.710406021,Chimanta,,VEN,Neotropic,1623,-0.000189973,0.013944966,0.008187171,0.00719359,-0.05926896,0.023109205,2.509871,0.00048257,0.000223801
453,-62.591097,5.824986,7.704499319,Auyan-Tepui,,VEN,Neotropic,1611,-0.001368744,0.019804688,0.013433478,0.012917474,-0.03893163,0.015783755,2.2846885,-0.000109044,0.000163788
454,-72.250014,7.516681,7.677589956,El Tam ,,VEN,Neotropic,1325,-0.001307162,0.030895675,0.020694222,0.020323694,-0.025147125,0.03726085,2.533975,5.09E-05,-8.15E-05
455,-72.000014,7.900014,7.670549707,P ramos del Batall¢n y La Negra,,VEN,Neotropic,1289,-0.000261934,0.021777837,0.011646038,0.011156237,-0.042262733,0.04673044,2.6489446,0.001326038,-7.35E-05
456,-71.083347,8.733319,7.654046803,Sierras de la Culata y Nevada,,VEN,Neotropic,2851,-0.00153705,0.028234974,0.018875208,0.018990364,-0.026799109,0.03972366,2.8549714,-8.72E-05,-0.000172361
457,-72.750014,10.066653,7.624234609,Sierra de Perij ,,VEN,Neotropic,1057,-0.002547276,0.042322155,0.027403971,0.028285727,-0.029758325,0.029266471,2.190493,-0.000220855,-0.000256617
458,-66.483319,10.083319,7.623835501,Guatopo,,VEN,Neotropic,355,-0.003120562,0.04758992,0.02133789,0.022985494,-0.022029437,0.01786961,2.054936,-0.00138401,-0.000282807
459,-68.000014,10.333319,7.617770341,San Esteban,,VEN,Neotropic,1528,-0.002631235,0.03912724,0.022087708,0.02200475,-0.02298612,0.026133504,1.920949,-0.000560956,-0.000328256
460,-68.916653,10.399986,7.616128173,Hato Jaguar,,VEN,Neotropic,587,-0.003815084,0.056039307,0.03332768,0.035545822,-0.032556448,0.018682197,1.8485553,-0.001537438,-0.000328256
461,-70.198347,9.501097,7.637391155,Sierra de Barbacoas,,VEN,Neotropic,2392,-0.000848988,0.035130095,0.02123199,0.021183252,-0.008952409,0.03358641,2.5074394,-0.000296482,-0.000273323
462,-71.500014,8.499986,7.658833112,P ramos Molino y Rio Negro,,VEN,Neotropic,1346,-0.001875523,0.02781045,0.019440293,0.019484749,-0.035772353,0.042392205,2.4137897,0.000165447,-0.000171672
463,-68.833347,10.416681,7.615715302,Sierra de Aroa,,VEN,Neotropic,944,-0.003760643,0.05780338,0.034542188,0.036907576,-0.025240129,0.019596107,1.6703607,-0.001942357,-0.000392562
464,34.506986,1.038736,7.743728464,Mount Elgon,,KEN,Paleartic,3376,-0.000385745,0.014986894,0.019065883,0.018754074,0.0488955,0.009908279,2.1982906,0.000148497,8.67E-05
465,37.309708,1.286958,7.743038472,Mathews Range,,KEN,Paleartic,1536,-0.000851645,0.032980468,0.03813929,0.037800267,0.014993159,0.013307544,0.27022925,-5.54E-05,0.000151232
466,36.826375,2.171208,7.739383978,Mount Nyiro,,KEN,Paleartic,2796,0.000299171,0.022860909,0.02794578,0.027068192,0.032740854,0.023456877,0.6456756,0.000686275,0.00029839
467,35.883625,-1.703264,7.741550671,Loita Hills,,KEN,Paleartic,2263,-0.000293706,0.030149575,0.029850649,0.029557846,0.03802821,0.01973525,0.8719083,-0.000312007,-0.000332942
468,35.909014,-1.818764,7.741064507,Nguruman Escarpment,,KEN,Paleartic,2028,-0.000263346,0.030724818,0.030032586,0.029699568,0.03627758,0.019585285,0.7116038,-0.000495165,-0.000568146
469,38.021319,0.374014,7.744850935,Ngaia Forest,,KEN,Paleartic,1357,-0.00087377,0.036481895,0.03872532,0.039453607,-0.001353257,0.015889836,0.007866782,-0.000484776,-0.000177305
470,37.939319,0.238042,7.744950412,Nyambeni Hills,,KEN,Paleartic,1631,-0.000687889,0.03285137,0.035159145,0.035561983,-0.0195357,0.019946324,0.24861851,-0.00030433,-0.000165352
471,37.356069,0.216681,7.744962023,Ndare Ngare,,KEN,Paleartic,1753,0.00025331,0.027640035,0.030491635,0.030147275,-0.006427527,0.022047257,1.0820951,-0.000454435,-6.76E-05
472,37.181708,1.831264,7.74100998,Ndoto Mountains,,KEN,Paleartic,852,-0.000606218,0.033694446,0.038607128,0.038432542,0.012168037,0.011553849,0.40467474,-0.000335,0.000190228
473,-65.849903,-27.149903,6.882083083,La Florida Nature Park,,ARG,Neotropic,1880,-0.004267876,0.008463426,0.022758063,0.023770856,0.020340247,-0.013079871,3.6809688,-0.000557538,0.001151039
474,-65.488819,-24.681597,7.029282151,,,ARG,Neotropic,1600,-0.004456177,0.020101376,0.024881557,0.026620839,-0.002787228,-0.002347682,3.61336,-0.00073006,0.001802006
475,-64.511125,-24.186208,7.057256064,,,ARG,Neotropic,2219,-0.004135349,0.025520995,0.023831185,0.026446262,-0.001592754,-0.005187664,3.0635078,0.000115214,0.001862778
476,-64.699875,-22.483097,7.149372035,Baritú National Park,,ARG,Neotropic,1406,-0.003707027,0.03904672,0.025547335,0.0272125,-0.014402813,0.012955389,3.4966264,-0.00091464,0.001672771
477,-61.230264,10.726931,7.607923772,Cerro del Aripo,,TTO,Neotropic,762,-0.001336669,0.015198495,0.014035164,0.013687993,-0.04972985,0.009276601,2.0223098,-0.000263648,-0.000391747
478,-61.700542,12.118875,7.570193689,Fedons Camp,,GRD,Neotropic,710,-0.001182935,0.01092301,0.013135943,0.012615398,-0.029568784,0.00829058,2.037571,-8.47E-09,-0.00027804
479,-61.676097,12.162208,7.568946472,Mount St Catherine,,GRD,Neotropic,787,-0.001182935,0.01092301,0.013135943,0.012615398,-0.031524863,0.00829058,2.037571,-8.47E-09,-0.000261131
480,-61.200014,13.215819,7.537276258,Grande Bonhomme,,VCT,Neotropic,590,-0.00091472,0.009074758,0.011115277,0.010660268,-0.0250747,0.008794801,2.038589,-8.47E-09,-0.000229361
481,-87.818236,14.140986,7.507342756,Guajiquiro BiR,,HND,Neotropic,1925,-0.00176467,0.04957129,0.0305027,0.031443436,0.028212959,0.036293626,1.6191298,-0.000668713,-0.000215094
482,-87.089569,14.176764,7.506145401,La Tigra NP,,HND,Neotropic,2173,-8.06E-05,0.034849826,0.01669095,0.015660502,0.033984978,0.057057034,1.8338236,0.000526967,-0.000174615
483,-61.201097,13.289986,7.534949715,Richmond Peak,,VCT,Neotropic,863,-0.000951796,0.008900113,0.010905043,0.010498452,-0.02978694,0.008847214,2.0375104,-8.47E-09,-0.000170628
484,-61.012792,13.862014,7.516577433,Mount Gimie,,LCA,Neotropic,720,-0.000784964,0.010672033,0.010288702,0.01008686,-0.014909847,0.012485104,2.0457752,0.000142933,-5.89E-05
485,-89.061236,14.459625,7.496575068,El Guisayote BiR,,HND,Neotropic,2070,-0.00129336,0.050283384,0.029013772,0.029567707,0.026219562,0.0401459,1.6806713,-0.000367613,0.000164738
486,-89.338819,14.425042,7.497755058,Montecristo-Trifinio NP,,HND,Neotropic,2081,-0.001726837,0.051924333,0.030544437,0.031116297,0.009826077,0.037967473,1.5716298,-0.00061471,0.000364069
487,-89.121514,14.376181,7.499417518,El Pital BiR,,HND,Neotropic,2389,-0.00129336,0.050283384,0.029013772,0.029567707,0.029370239,0.0401459,1.6806713,-0.000367613,0.00030229
488,-89.001958,14.653681,7.489902622,Erapuca WR,,HND,Neotropic,2159,-0.001676598,0.050269257,0.028019015,0.028714905,0.028417656,0.04108148,1.7076237,-0.000982631,0.000109324
489,-88.913403,15.107014,7.473977191,Cerro Azul de Copán NP,,HND,Neotropic,2181,-0.002105435,0.046743825,0.02379929,0.023956928,0.017675951,0.0457405,1.4242595,-0.000281986,2.64E-05
490,-88.147208,14.937708,7.479980184,Santa Barbara NP,,HND,Neotropic,2087,-0.002711471,0.056900606,0.03466654,0.035792697,0.0128984,0.03832665,1.2216696,-0.001497901,-4.02E-05
491,-88.833986,14.417625,7.498007771,Volcan Pacayita BiR,,HND,Neotropic,2059,-0.001249774,0.049195614,0.028284386,0.028783996,0.03221759,0.04152551,1.7373841,-0.0003065,-2.55E-05
492,-88.731875,14.499653,7.495205848,Celaque NP,,HND,Neotropic,2149,-0.001531504,0.047870077,0.026692007,0.027073685,0.024367645,0.04406276,1.8208979,-0.000397507,-3.55E-05
493,-88.548625,14.735264,7.487071549,Puca WR,,HND,Neotropic,2141,-0.0022777,0.05278796,0.03066442,0.031390104,0.028228339,0.04056206,1.5369005,-0.001336744,-0.000129075
494,-88.141097,14.456903,7.496668044,Mixcure WR,,HND,Neotropic,2220,-0.001763092,0.04951896,0.029251652,0.030137932,0.020008408,0.040219646,1.7595468,-0.00065517,-0.000136678
495,-87.797292,14.353931,7.500172733,Cordillera de Montecillos BiR,,HND,Neotropic,2160,-0.002400891,0.049563963,0.029487258,0.03040834,0.022021301,0.03887974,1.6290934,-0.000787654,-0.000180275
496,-87.519792,14.477847,7.495952214,Montana de Comayagua NP,,HND,Neotropic,2280,-0.001290119,0.042817734,0.022980597,0.022839991,0.017815938,0.04432442,1.7332829,-0.000409946,-0.000198995
497,-87.578264,15.171597,7.47166994,Pico Pijol NP,,HND,Neotropic,2050,-0.002064504,0.0475625,0.026478598,0.026448807,0.014517074,0.047029965,1.3505796,-0.000650021,-0.000213624
498,-87.089569,15.028486,7.476769714,Montana de Yoro NP,,HND,Neotropic,2152,-0.001291259,0.0522875,0.031856418,0.032165088,0.006429631,0.042577654,1.5528451,-0.000939651,-0.000215148
499,-86.838236,14.319903,7.501325509,El Chile BiR,,HND,Neotropic,1921,0.000376386,0.03146769,0.013113608,0.011562656,0.020946339,0.06273671,1.7908581,0.000790228,-0.000183574
500,-86.705597,15.105264,7.474039576,La Muralla WR,,HND,Neotropic,1773,-0.001041342,0.04491224,0.025097638,0.024960589,0.01457809,0.051948477,1.6585459,-0.000361487,-0.000224092
501,-85.866125,14.984847,7.478315424,Sierra de Agalta NP,,HND,Neotropic,2253,-8.32E-05,0.028952016,0.010524662,0.008969628,-0.002587526,0.06314064,1.6335337,0.001076507,-0.000224401
502,-61.173319,14.809153,7.484494242,Mount Pelée,,MTQ,Neotropic,994,-0.000853981,0.007983616,0.008414308,0.008093192,0.006938764,0.013044887,2.088744,0.000241516,-0.000214869
503,-88.229236,15.508431,7.459481138,Montana de Cusuco NP,,HND,Neotropic,1923,-0.00309109,0.053443383,0.03098096,0.031350754,0.01490372,0.045386367,1.0315589,-0.000998369,-0.000151577
504,-87.300764,15.445597,7.461774634,Texiguat WR,,HND,Neotropic,1887,-0.001855368,0.0519436,0.03135947,0.031419273,0.017231923,0.04346411,1.2257439,-0.000782817,-0.000151577
505,-86.881875,15.627097,7.455125025,Pico Bonito NP,,HND,Neotropic,1899,-0.001946269,0.042984664,0.026655762,0.026354844,0.023070054,0.043311343,1.3322492,-0.000225742,-0.000138265
506,-61.657514,16.063319,7.438834447,Soufrière,,GLP,Neotropic,1064,-0.000516237,0.008851263,0.007287803,0.006886263,0.02078582,0.014012301,2.1609921,0.000281129,-0.000109107
507,-61.337208,15.362514,7.464793325,Trois Pitons,,DMA,Neotropic,940,-0.000726272,0.008131851,0.009588608,0.009280545,0.054640874,0.009768399,2.0991583,-8.47E-09,-0.000126614
508,-61.327764,15.341097,7.46556891,Morne Macaque,,DMA,Neotropic,765,-0.000726272,0.008131851,0.009588608,0.009280545,0.038190782,0.009768399,2.0991583,-8.47E-09,-0.000109213
510,-61.408875,15.500014,7.459788891,Morne Diablotins,,DMA,Neotropic,1110,-0.000673817,0.008307024,0.009771056,0.009417648,0.034006763,0.009772085,2.0940986,-8.47E-09,-0.000101891
511,-61.327708,15.341097,7.46556891,,,DMA,Neotropic,765,-0.000726272,0.008131851,0.009588608,0.009280545,0.038190782,0.009768399,2.0991583,-8.47E-09,-9.93E-05
512,-62.583597,17.149431,7.396385569,Nevis Peak,,KNA,Neotropic,925,-0.000861515,0.005952284,0.007204914,0.006825346,-0.028769594,0.011485294,2.1715,-8.47E-09,-3.79E-05
513,-76.578319,18.041931,7.359496274,Blue Mountain Peak,,JAM,Neotropic,2191,-0.000903969,0.028390866,0.01849828,0.01821879,-0.012487968,0.02035199,1.6387898,4.38E-05,-5.48E-05
514,-65.791931,18.314708,7.347862014,El Yunque,,PRI,Neotropic,882,-0.001103473,0.02574135,0.013958097,0.013394809,-0.022393262,0.03088468,2.0073528,8.62E-05,-4.07E-05
515,-65.766375,18.271653,7.349709527,Pico de Este,,PRI,Neotropic,822,-0.001103473,0.02574135,0.013958097,0.013394809,-0.04697234,0.03088468,2.0073528,8.62E-05,-4.07E-05
516,-62.808319,17.368597,7.387494199,Mount Liamuiga,,KNA,Neotropic,723,-0.000884336,0.005875571,0.007092725,0.006773927,-0.02891295,0.011433278,2.1784413,-8.47E-09,3.73E-05
517,-62.756125,17.326653,7.38920427,Olivée's Mount,,KNA,Neotropic,784,-0.00088539,0.006123011,0.007390969,0.00702942,-0.023728851,0.011406177,2.175122,-8.47E-09,5.32E-05
518,-155.589264,19.604958,7.290561113,Hawái,,USA,Oceania,2414,0.000589808,0.056674756,0.03336714,0.031802136,-0.002001913,0.07627623,-0.7437344,0.000279778,-3.27E-05
519,-76.833319,20.000819,7.272232527,Pico Turquino,,CUB,Neotropic,1622,0.000233473,0.022450052,0.018775554,0.017691912,0.004332152,0.02901404,1.7009922,0.000386421,-6E-06
520,-72.266653,18.349986,7.346345099,Pic Cabaio,,HTI,Neotropic,2064,-0.000603111,0.028294802,0.020684853,0.01977159,-0.04505134,0.03333604,1.9220753,9.67E-05,9.36E-05
521,-70.991653,19.033292,7.316410629,Pico Duarte,,DOM,Neotropic,2877,0.000657119,0.02883391,0.016568348,0.015159074,-0.05822119,0.057544205,2.3657544,0.000289679,6.04E-05
522,116.367569,4.817097,7.717299633,Witti Range,,MYS,Indomalayan,727,0.002424779,0.011892206,-0.010776289,-0.014230199,-0.000784767,0.05724694,1.4273642,0.003205689,0.000438215
523,115.238958,3.450236,7.730793682,Tamabo Range,,MYS,Indomalayan,784,0.001649262,0.028529162,0.008741825,0.006537223,-0.01725971,0.0429675,1.4973953,0.00084645,0.000531944
524,113.801986,2.199681,7.739235258,Hose Mountains,,MYS,Indomalayan,586,-0.000427472,0.022694914,0.009961471,0.008841522,0.005400575,0.031085018,1.297481,0.000268125,0.000478426
525,114.416819,2.322625,7.738570863,Linau Balui Plateau,,MYS,Indomalayan,733,0.000422225,0.024410762,0.009808365,0.008391445,-0.023361517,0.034374595,1.4429965,0.00032797,0.00051574
526,115.111014,2.896486,7.73499222,Penambo Range,,MYS,Indomalayan,762,0.00119252,0.026625553,0.008723504,0.0068166,-0.014763037,0.039916694,1.4986929,0.000747312,0.000583407
527,113.801986,3.306375,7.731954798,Dulit Range,,MYS,Indomalayan,109,-5.37E-05,0.025408322,0.009195562,0.007600709,-0.004766836,0.033882327,1.2072526,0.000481761,0.000608881
528,113.474069,1.338903,7.742875446,Tohenbatu,,MYS,Indomalayan,822,-0.001200102,0.024557145,0.015172474,0.01429461,0.04127235,0.026853383,1.385807,0.000151258,0.000375465
